SrcIP,SrcPort,Feature0,Feature1,Feature2,Feature3,Feature4,Label
192.168.50.6,55435,23,86956,89,23,7739130,0
192.168.50.8,61001,9,222222,76,9,16888888,0
192.168.50.8,53717,26,76923,79,26,6076923,0
172.16.0.5,624,22,90909,550,22,50000000,1
192.168.50.8,59659,15143122,0,103,1164855,95,0
192.168.50.6,54939,8998813,0,64,1799762,43,0
192.168.50.9,37128,35,57142,74,35,4228571,0
192.168.50.8,53237,14,142857,80,14,11428571,0
192.168.50.3,0,2029610966,5,98,1305873444,490,0
192.168.50.7,57173,418644,14,75,83728,1074,0
192.168.50.8,55778,26,76923,67,26,5153846,0
192.168.50.6,55107,115668777,0,85,3505114,25,0
192.168.50.6,52997,23,86956,89,23,7739130,0
192.168.50.6,54822,175487707,0,96,3733781,26,0
172.217.3.110,443,1305231115,0,236,3090244089,20,0
192.168.50.8,59830,5267540,1,61,752505,93,0
192.168.50.6,54926,171155626,0,122,2166526,57,0
192.168.50.8,63840,10,200000,85,10,17000000,0
192.168.50.8,53676,11,181818,86,11,15636363,0
192.168.50.4,60016,171129076,0,106,1024725,104,0
192.168.50.8,56364,232165201,0,78,33166457,2,0
192.168.50.6,60614,21,95238,84,21,8000000,0
192.168.50.6,55020,831254,21,153,48897,3317,1
192.168.50.8,60462,57,35087,85,57,2982456,0
192.168.50.6,62425,22,90909,78,22,7090909,0
192.168.50.6,54986,6009618,1,61,858516,81,0
192.168.50.6,59264,10,200000,76,10,15200000,0
192.168.50.9,34102,3095709,5,235,206380,1214,0
192.168.50.8,65352,22,90909,77,22,7000000,0
192.168.50.6,55006,15,133333,66,15,8800000,0
192.168.50.6,55022,816266,12,155,90696,1898,1
192.168.50.8,59699,24970047,4,267,244804,1104,0
192.168.50.8,49785,5,400000,73,5,29200000,0
192.168.50.8,55185,16,125000,89,16,11125000,0
192.168.50.6,57011,16381,366,80,3276,29302,0
52.33.113.226,443,60472072,0,314,2418882,135,0
192.168.50.6,61805,31,64516,83,31,5354838,0
192.168.50.6,52437,9,222222,87,9,19333333,0
172.217.11.1,443,170518937,0,323,7413866,45,0
192.168.50.8,53354,9,222222,81,9,18000000,0
192.168.50.8,59782,170928324,0,121,4382777,28,0
192.168.50.8,55917,15,133333,95,15,12666666,0
192.168.50.6,55082,23,86956,66,23,5739130,0
192.168.50.6,55014,30053141,0,98,2003542,52,0
192.168.50.6,54829,15,133333,66,15,8800000,0
192.168.50.8,59689,11,181818,66,11,12000000,0
192.168.50.6,54914,172324861,0,225,1111773,204,0
192.168.50.8,58975,8,250000,82,8,20500000,0
192.168.50.6,64604,19,105263,85,19,8947368,0
192.168.50.9,34668,5548860,3,134,292045,483,0
192.168.50.6,55125,180385,99,153,10610,15300,0
192.168.50.8,59802,10379818,2,409,432492,987,0
192.168.50.6,65437,15,133333,76,15,10133333,0
192.168.50.6,55049,19,105263,66,19,6947368,0
192.168.50.6,56088,21,95238,85,21,8095238,0
192.168.50.6,55139,276044,86,169,12001,14758,0
192.168.50.8,54918,15,133333,80,15,10666666,0
23.194.110.93,443,910871978,0,202,1964973195,77,0
192.168.50.6,54864,170982956,0,205,2342232,89,0
172.16.0.5,43141,118759,33,60,39586,2020,1
192.168.50.8,55876,11,181818,89,11,16181818,0
192.168.50.8,59133,16,125000,76,16,9500000,0
192.168.50.6,55971,16557,241,80,5519,19327,0
192.168.50.6,54624,22,90909,81,22,7363636,0
31.13.71.2,443,564776378,0,258,8305534,31,0
192.168.50.8,51839,25,80000,89,25,7120000,0
192.168.50.6,53344,17417,229,93,5805,21358,0
192.168.50.6,50245,24,83333,85,24,7083333,0
192.168.50.8,54959,14,142857,85,14,12142857,0
192.168.50.6,50919,16330,244,83,5443,20330,0
192.168.50.6,55211,13,153846,85,13,13076923,0
192.168.50.6,55065,885168,11,137,98352,1547,0
192.168.50.6,61322,14,142857,71,14,10142857,0
192.168.50.6,61210,8,250000,73,8,18250000,0
192.168.50.6,50704,17,117647,80,17,9411764,0
192.168.50.6,53898,419005,14,64,83801,916,0
192.168.50.8,62338,9,222222,87,9,19333333,0
192.168.50.6,63483,20,100000,84,20,8400000,0
192.168.50.8,60979,21,95238,83,21,7904761,0
192.168.50.8,60216,22,90909,74,22,6727272,0
192.168.50.8,62981,637265777,0,83,91037968,1,0
192.168.50.6,61985,19,105263,81,19,8526315,0
172.16.0.5,7299,32,62500,60,32,3750000,1
192.168.50.8,62211,22,90909,85,22,7727272,0
192.168.50.8,55355,8,250000,71,8,17750000,0
192.168.50.8,59677,170238466,0,171,3959034,44,0
172.16.0.5,31152,34,58823,60,34,3529411,1
192.168.50.6,56371,15,133333,73,15,9733333,0
192.168.50.6,55140,40168108,0,250,1912767,136,0
192.168.50.6,54828,8,250000,66,8,16500000,0
192.168.50.8,54503,10,200000,69,10,13800000,0
192.168.50.6,50684,20620,193,87,6873,16876,0
192.168.50.6,55918,13,153846,79,13,12153846,0
192.168.50.6,50107,36,55555,79,36,4388888,0
192.168.50.6,54996,5092662,1,61,727523,96,0
192.168.50.6,53725,19354,206,74,6451,15293,0
192.168.50.6,54893,169608,117,145,8926,17098,0
192.168.50.6,53442,17,117647,79,17,9294117,0
192.168.50.6,54915,181241,110,141,9539,15636,0
173.194.208.109,465,1643339,28,186,35724,5328,0
192.168.50.8,63886,22,90909,78,22,7090909,0
74.208.236.171,80,1821831188,0,492,1784581130,192,0
192.168.50.8,59612,171115183,0,108,4387568,25,0
192.168.50.8,64358,41,48780,88,41,4292682,0
192.168.50.6,54972,5090608,1,61,727229,96,0
192.168.50.6,59109,18932,211,83,6310,17536,0
192.168.50.8,49298,23,86956,78,23,6782608,0
192.168.50.8,59011,13,153846,85,13,13076923,0
192.168.50.6,63041,37,54054,85,37,4594594,0
192.168.50.6,49366,20311,196,67,6770,13194,0
192.168.50.6,56632,22,90909,74,22,6727272,0
192.168.50.8,50931,21,95238,85,21,8095238,0
192.168.50.6,55100,5171284,3,61,344752,190,0
172.16.0.5,56370,296985647,0,60,98995215,0,0
172.16.0.5,13494,24,83333,74,24,6166666,0
192.168.50.6,63433,32,62500,67,32,4187500,0
172.16.0.5,51425,24,83333,60,24,5000000,1
192.168.50.6,54799,36435589,0,73,7287117,12,0
192.168.50.8,59801,172464940,0,199,2183100,92,0
192.168.50.6,59074,20061,199,87,6687,17347,0
192.168.50.6,55740,1058252547,0,87,151178935,0,0
192.168.50.6,51279,40,50000,84,40,4200000,0
192.168.50.6,62211,20751,192,74,6917,14264,0
192.168.50.6,55001,535250,18,150,59472,2809,1
192.168.50.6,59296,22,90909,84,22,7636363,0
192.168.50.6,59457,16759,238,89,5586,21242,0
192.168.50.6,62431,16532,241,84,5510,20324,0
192.168.50.6,58741,16719,239,76,5573,18182,0
192.168.50.6,63981,12,166666,83,12,13833333,0
192.168.50.6,61703,20654,193,83,6884,16074,0
192.168.50.8,59748,14,142857,66,14,9428571,0
192.168.50.6,52188,14,142857,87,14,12428571,0
192.168.50.6,60965,21,95238,74,21,7047619,0
192.168.50.6,55114,8998713,0,64,1799742,43,0
192.168.50.6,57337,11,181818,92,11,16727272,0
192.168.50.8,49860,18,111111,85,18,9444444,0
192.168.50.8,61572,9,222222,77,9,17111111,0
192.168.50.6,58630,22,90909,73,22,6636363,0
192.168.50.6,60189,25,80000,85,25,6800000,0
192.168.50.8,63312,56,35714,86,56,3071428,0
192.168.50.6,54883,144609,124,150,8506,18767,0
192.168.50.8,59627,638058837,0,69,212686279,0,0
204.154.111.113,443,1086734,32,364,31962,11752,0
192.168.50.6,62089,22,90909,92,22,8363636,0
192.168.50.8,59761,114120,122,146,8778,17946,0
192.168.50.8,58549,22,90909,93,22,8454545,0
192.168.50.8,54078,21,95238,67,21,6380952,0
192.168.50.8,58465,10,200000,85,10,17000000,0
192.168.50.6,60914,16,125000,80,16,10000000,0
192.168.50.8,62934,22,90909,73,22,6636363,0
192.168.50.6,57919,21,95238,74,21,7047619,0
192.168.50.6,58704,787504037,0,80,87500448,1,0
192.168.50.8,57360,21,95238,87,21,8285714,0
192.168.50.8,59606,115900183,0,109,2826833,39,0
192.168.50.6,54833,11,181818,66,11,12000000,0
192.168.50.6,62617,12,166666,87,12,14500000,0
192.168.50.8,51805,11,181818,90,11,16363636,0
192.168.50.8,55890,29,68965,85,29,5862068,0
192.168.50.8,56121,21,95238,82,21,7809523,0
192.168.50.6,64065,11,181818,80,11,14545454,0
192.168.50.6,63363,22,90909,88,22,8000000,0
192.168.50.6,64801,15,133333,85,15,11333333,0
192.168.50.6,59219,15,133333,74,15,9866666,0
192.168.50.6,54988,170554016,0,119,5501742,22,0
172.217.12.174,443,574745802,0,197,10449923,19,0
192.168.50.6,49991,29,68965,85,29,5862068,0
192.168.50.8,58367,11,181818,82,11,14909090,0
172.16.0.5,49463,154172,25,60,51390,1556,1
192.168.50.8,59600,171356860,0,116,3985043,30,0
192.168.50.6,61575,18661,214,67,6220,14361,0
192.168.50.6,65101,20006,199,84,6668,16794,0
192.168.50.8,59227,120,16666,74,120,1233333,0
192.168.50.6,53058,418453,14,64,83690,917,0
192.168.50.6,59348,36,55555,76,36,4222222,0
192.168.50.6,54924,173187769,1,188,653538,289,0
192.168.50.6,55115,1843862,20,128,49834,2641,0
192.168.50.6,60110,22,90909,92,22,8363636,0
192.168.50.8,58792,17,117647,86,17,10117647,0
192.168.50.6,51960,11,181818,74,11,13454545,0
192.168.50.6,61829,40,50000,79,40,3950000,0
192.168.50.6,64525,18221,219,80,6073,17562,0
192.168.50.6,54877,116288133,0,198,2474215,81,0
192.168.50.6,61444,15,133333,67,15,8933333,0
192.168.50.9,41582,171188418,0,138,1465001918,74,0
192.168.50.6,55954,13,153846,85,13,13076923,0
172.16.0.5,9665,24,83333,590,24,49166666,1
192.168.50.6,55144,40198800,0,243,1914228,133,0
192.168.50.9,40886,12521166,7,110,131801,844,0
192.168.50.6,54802,34435196,0,73,6887039,12,0
192.168.50.8,65461,15,133333,84,15,11200000,0
192.168.50.6,54801,36434518,0,73,7286903,12,0
192.168.50.8,49998,29,68965,86,29,5931034,0
192.168.50.6,63587,10,200000,82,10,16400000,0
192.168.50.8,53942,9,222222,77,9,17111111,0
192.168.50.6,54858,170606633,0,116,5169897,23,0
192.168.50.6,54963,772780165,0,168,2143279661,71,0
192.168.50.8,60497,14,142857,75,14,10714285,0
192.168.50.6,56144,15948,250,78,5316,19563,0
192.168.50.8,54112,17,117647,85,17,10000000,0
192.168.50.6,65142,16,125000,74,16,9250000,0
192.168.50.8,51952,24,83333,69,24,5750000,0
192.168.50.8,51728,14,142857,85,14,12142857,0
192.168.50.8,59713,22955110,0,149,1350300,117,0
192.168.50.6,58019,23,86956,71,23,6173913,0
192.168.50.6,63821,20,100000,71,20,7100000,0
192.168.50.8,52069,48,41666,85,48,3541666,0
192.168.50.8,62298,12,166666,74,12,12333333,0
192.168.50.6,57953,20,100000,80,20,8000000,0
192.168.50.6,55763,9,222222,78,9,17333333,0
192.168.50.6,52203,16003,249,74,5334,18496,0
192.168.50.8,50409,15,133333,92,15,12266666,0
192.168.50.6,52913,16316,245,86,5438,21083,0
192.168.50.8,50074,14,142857,75,14,10714285,0
192.168.50.6,55951,19537,204,77,6512,15764,0
192.168.50.8,59655,170987064,1,76,988364,78,0
192.168.50.8,57196,41,48780,86,41,4195121,0
192.168.50.6,65103,11,181818,87,11,15818181,0
192.168.50.6,56952,15957,250,83,5319,20805,0
192.168.50.8,65234,23,86956,67,23,5826086,0
192.168.50.6,54993,146805,122,150,8635,18487,0
192.168.50.6,54954,20,100000,66,20,6600000,0
172.16.0.5,51314,122923,32,60,40974,1952,1
192.168.50.6,64362,13,153846,84,13,12923076,0
192.168.50.6,49157,17893,223,74,5964,16542,0
172.217.197.154,443,1619247331,0,238,3675722258,5,0
192.168.50.8,59735,115872050,0,106,3131677,34,0
192.168.50.6,60695,20,100000,67,20,6700000,0
192.168.50.6,54990,185423,107,141,9759,15283,0
192.168.50.6,54947,5352192,1,61,764598,91,0
172.217.2.164,443,402349611,0,154,2579164,60,0
192.168.50.6,55102,144539301,1,179,585179,307,0
192.168.50.9,34576,171329024,1,83,990341,84,0
172.16.0.5,45275,138492,28,60,46164,1732,1
192.168.50.6,59766,32,62500,92,32,5750000,0
192.168.50.8,59844,117500159,0,132,2732561,49,0
192.168.50.6,54962,772925895,0,124,1947144560,49,0
192.168.50.8,65508,38,52631,85,38,4473684,0
192.168.50.8,59768,115543298,0,85,3501312,25,0
192.168.50.6,60146,17750,225,81,5916,18253,0
172.16.0.5,43769,27,74074,60,27,4444444,1
192.168.50.6,55095,258647,77,141,13613,10957,0
192.168.50.6,60627,18,111111,85,18,9444444,0
192.168.50.6,55008,9,222222,66,9,14666666,0
192.168.50.3,5353,0,0,0,0,0,1
192.168.50.8,58785,10,200000,80,10,16000000,0
192.168.50.6,65528,12,166666,86,12,14333333,0
192.168.50.9,55758,1048374,38,168,26881,6427,0
172.16.0.5,12760,38,52631,74,38,3894736,0
172.16.0.5,59576,1426354,8,70,129668,595,0
192.168.50.6,65091,21,95238,75,21,7142857,0
192.168.50.4,0,699664109,0,569,3578677591,29,0
172.16.0.5,30869,39,51282,590,39,30256410,1
192.168.50.6,63782,29,68965,66,29,4551724,0
192.168.50.6,55097,140988,127,150,8293,19249,0
192.168.50.8,59776,111832,178,141,5885,25341,0
192.168.50.8,50624,15,133333,86,15,11466666,0
192.168.50.8,63829,9,222222,85,9,18888888,0
192.168.50.6,63893,11,181818,74,11,13454545,0
192.168.50.8,59856,20170430,0,123,1551571,85,0
192.168.50.6,54957,28,71428,66,28,4714285,0
192.168.50.6,54892,170169444,0,117,5156649,23,0
192.168.50.9,50556,60690773,1,138,905832,154,0
192.168.50.8,55111,22,90909,84,22,7636363,0
192.168.50.6,59897,19770,202,67,6590,13555,0
192.168.50.8,59763,112168,124,146,8628,18258,0
192.168.50.6,49363,16814,237,85,5604,20221,0
192.168.50.8,65295,33,60606,86,33,5212121,0
192.168.50.6,55055,27434563,0,149,1613797,98,0
192.168.50.8,59636,170836900,0,177,1658610,107,0
192.168.50.6,57928,16,125000,74,16,9250000,0
192.168.50.8,59656,1633973,23,129,44161,3019,0
192.168.50.9,37120,23,86956,74,23,6434782,0
192.168.50.6,54819,61301353,0,135,1977463,70,0
192.168.50.6,62338,21,95238,89,21,8476190,0
192.168.50.8,59813,170484347,0,113,4870981,23,0
192.168.50.8,59694,5219334,1,61,745619,94,0
192.168.50.6,50773,14,142857,73,14,10428571,0
192.168.50.8,59690,18,111111,66,18,7333333,0
192.168.50.6,55062,171312653,0,123,2064007,60,0
192.168.50.6,54992,191510522,0,171,465481255,59,0
192.168.50.6,54560,22,90909,60,22,5454545,1
192.168.50.8,59725,175453762,0,84,1846881,46,0
172.16.0.5,55432,35,57142,60,35,3428571,1
192.168.50.6,49944,21,95238,86,21,8190476,0
192.168.50.8,59829,5268857,1,61,752693,93,0
192.168.50.6,55044,20,100000,66,20,6600000,0
192.168.50.6,59328,17,117647,80,17,9411764,0
192.168.50.6,62648,21,95238,85,21,8095238,0
192.168.50.8,59807,5055411,3,129,297377,462,0
192.168.50.8,59759,111090,126,146,8545,18435,0
192.168.50.8,56383,15,133333,73,15,9733333,0
192.168.50.6,50051,58,34482,73,58,2517241,0
192.168.50.9,5353,56,107142,87,11,9321428,0
192.168.50.6,52885,10,200000,79,10,15800000,0
192.168.50.6,53815,21,95238,88,21,8380952,0
192.168.50.6,54360,21,95238,76,21,7238095,0
192.168.50.6,65436,22,90909,73,22,6636363,0
192.168.50.8,64119,20,100000,81,20,8100000,0
192.168.50.8,64607,37,54054,67,37,3621621,0
192.168.50.6,54958,538237188,0,68,179412396,0,0
192.168.50.6,63742,21,95238,85,21,8095238,0
192.168.50.8,59727,170330444,0,108,4367447,25,0
192.168.50.8,61916,13,153846,73,13,11230769,0
172.217.9.230,443,1487816542,0,1041,333708081,661,0
192.168.50.8,59670,170400925,0,179,3477569,52,0
192.168.50.6,55038,1508104129,0,70,2870261381,0,0
192.168.50.6,62285,20566,194,78,6855,15170,0
192.168.50.8,53175,701242451,0,80,1940877762,0,0
192.168.50.6,51920,13,153846,92,13,14153846,0
192.168.50.8,53871,15,133333,67,15,8933333,0
192.168.50.8,59814,10389487,2,441,519474,891,0
192.168.50.8,55899,21,95238,81,21,7714285,0
192.168.50.8,58177,23,86956,85,23,7391304,0
192.168.50.6,55002,537918,18,138,59768,2576,0
192.168.50.8,50967,23,86956,89,23,7739130,0
192.168.50.8,50879,16,125000,85,16,10625000,0
192.168.50.6,58517,21,95238,87,21,8285714,0
192.168.50.6,60208,15,133333,74,15,9866666,0
192.168.50.8,59811,115907038,0,86,3512334,25,0
192.168.50.6,53527,22,90909,80,22,7272727,0
192.168.50.6,54876,116287955,0,151,1637858,94,0
192.168.50.6,54804,34425667,0,73,6885133,12,0
192.168.50.6,51348,14,142857,77,14,11000000,0
192.168.50.6,55050,23699637,0,100,1128554,93,0
192.168.50.8,53950,9,222222,79,9,17555555,0
192.168.50.6,54970,304518907,0,132,5536707,24,0
52.58.163.2,443,61038882,0,384,2034629,195,0
192.168.50.6,52701,14,142857,85,14,12142857,0
192.168.50.6,55117,5424324,1,61,774903,90,0
23.194.140.46,443,880679,115,1304,8719,151038,0
192.168.50.6,62675,22,90909,80,22,7272727,0
192.168.50.6,62137,20,100000,85,20,8500000,0
192.168.50.8,56056,9,222222,92,9,20444444,0
192.168.50.8,59738,690767,14,135,76751,1963,0
192.168.50.6,54998,763198,13,146,84799,1915,1
192.168.50.6,55109,161093,124,269,8478,33409,0
192.168.50.8,59628,5471007,1,61,781572,89,0
192.168.50.8,52408,16,125000,78,16,9750000,0
192.168.50.8,59994,6,333333,86,6,28666666,0
192.168.50.6,65383,17745,225,85,5915,19160,0
192.168.50.8,59708,70623,254,154,4154,39363,0
192.168.50.6,54854,223925,89,141,11785,12656,0
192.168.50.6,63367,13,153846,85,13,13076923,0
192.168.50.8,64663,11,181818,80,11,14545454,0
192.168.50.8,60032,16,125000,67,16,8375000,0
192.168.50.6,53807,21,95238,74,21,7047619,0
192.168.50.8,59720,9013353,0,64,1802670,43,0
192.168.50.9,34660,5572006,3,134,293263,481,0
192.168.50.6,62006,22,90909,80,22,7272727,0
192.168.50.6,54841,15,133333,66,15,8800000,0
192.168.50.8,58891,17,117647,83,17,9764705,0
192.168.50.8,59668,170860287,0,113,4881722,23,0
192.168.50.8,51595,21,95238,74,21,7047619,0
192.168.50.6,51765,18925,211,76,6308,16063,0
192.168.50.8,59817,115783355,0,86,3508586,25,0
172.16.0.5,53654,331515,12,60,110505,723,1
172.16.0.5,47362,145396,27,60,48465,1650,1
192.168.50.6,54987,171254878,0,148,3805663,39,0
192.168.50.8,59635,171318470,1,213,596928,359,0
192.168.50.8,59593,9029026,0,64,1805805,42,0
52.84.35.26,443,1038540,752,1318,1329,992961,0
192.168.50.6,54982,8999526,0,64,1799905,43,0
192.168.50.6,54923,6083299,2,61,405553,161,0
192.168.50.6,64104,19286,207,72,6428,14933,0
192.168.50.8,54692,9,222222,80,9,17777777,0
192.168.50.8,59599,173384507,0,172,3852989,45,0
192.168.50.8,65282,7,285714,80,7,22857142,0
192.168.50.8,59614,400657193,0,132,4827195,27,0
192.168.50.6,54824,9,222222,66,9,14666666,0
192.168.50.6,63074,21174,188,80,7058,15112,0
172.16.0.5,57574,11762155,2,158,405591,403,0
192.168.50.6,51514,11,181818,76,11,13818181,0
192.168.50.8,59767,115546086,0,85,3501396,25,0
192.168.50.8,61156,15,133333,81,15,10800000,0
192.168.50.6,57807,17,117647,74,17,8705882,0
192.168.50.6,54880,115273217,0,198,2452621,82,0
192.168.50.8,59810,10118210,1,263,532537,520,0
192.168.50.8,59918,43,46511,85,43,3953488,0
192.168.50.6,53212,24745,161,81,8248,13093,0
192.168.50.9,37652,39428,202,85,5632,17297,0
172.16.0.5,12646,25,80000,60,25,4800000,1
192.168.50.8,53869,11,181818,78,11,14181818,0
192.168.50.8,63848,21,95238,83,21,7904761,0
192.168.50.8,59780,579959,17,138,64439,2382,0
192.168.50.8,51756,22,90909,85,22,7727272,0
38.91.108.49,443,12602045,55,1286,18132,71066,0
192.168.50.8,56636,13,153846,83,13,12769230,0
192.168.50.8,57594,10,200000,89,10,17800000,0
192.168.50.6,64399,8,250000,71,8,17750000,0
192.168.50.6,55054,6014245,1,61,859177,81,0
192.168.50.8,59697,24974456,2,228,438148,530,0
192.168.50.6,53603,22,90909,74,22,6727272,0
192.168.50.6,54781,15,133333,85,15,11333333,0
192.168.50.6,55133,18,111111,66,18,7333333,0
192.168.50.6,50305,15,133333,79,15,10533333,0
192.168.50.6,56974,20,100000,76,20,7600000,0
172.217.6.194,80,399280664,0,63,26618710,2,0
192.168.50.8,59734,300342110,0,205,5090544,41,0
192.168.50.9,54706,31,64516,90,31,5806451,0
172.16.0.5,46468,105493,37,60,35164,2275,1
192.168.50.6,56731,21,95238,86,21,8190476,0
192.168.50.8,60434,14,142857,77,14,11000000,0
192.168.50.8,59314,9,222222,85,9,18888888,0
192.168.50.6,55167,22,90909,94,22,8545454,0
192.168.50.8,50416,13,153846,83,13,12769230,0
192.168.50.8,64257,11,181818,84,11,15272727,0
192.168.50.6,64211,31,64516,78,31,5032258,0
192.168.50.6,49491,19926,200,79,6642,15858,0
192.168.50.6,64224,22,90909,85,22,7727272,0
192.168.50.6,54917,170306691,0,119,5493764,22,0
192.168.50.8,50400,12,166666,84,12,14000000,0
172.16.0.5,49112,23683864,0,60,3383409,20,0
192.168.50.6,58337,15,133333,78,15,10400000,0
192.168.50.8,59684,645712,15,135,71745,2090,0
192.168.50.6,54959,15152977,0,113,1165613,104,0
192.168.50.8,59845,140988,127,150,8293,19249,0
192.168.50.8,59753,171374475,0,211,1165812,182,0
192.168.50.8,62624,22,90909,85,22,7727272,0
192.168.50.8,52271,10,200000,71,10,14200000,0
192.168.50.6,55024,152976132,0,142,4635640,31,0
192.168.50.8,57397,17,117647,77,17,9058823,0
192.168.50.6,61997,17,117647,73,17,8588235,0
192.168.50.6,54968,9012574,0,64,1802514,43,0
192.168.50.6,51611,19319,310,73,3863,22671,0
192.168.50.8,59784,170928197,0,116,5179642,23,0
192.168.50.6,54960,5089279,1,61,727039,96,0
192.168.50.8,53536,11,181818,73,11,13272727,0
192.168.50.8,59762,113358,123,146,8719,18066,0
192.168.50.8,59834,119406442,0,193,2023838,97,0
192.168.50.6,65429,17,117647,86,17,10117647,0
192.168.50.8,59854,118316346,0,466,1219756,386,0
192.168.50.6,55029,5344627,1,61,763518,92,0
192.168.50.8,57891,22,90909,77,22,7000000,0
192.168.50.6,54300,16184,247,83,5394,20514,0
192.168.50.6,61129,30,66666,71,30,4733333,0
192.168.50.6,55041,5297029,1,61,756718,92,0
192.168.50.6,61531,6,333333,76,6,25333333,0
192.168.50.6,61879,886410280,0,82,98490031,0,0
192.168.50.6,54895,21,95238,66,21,6285714,0
192.168.50.6,52713,66,60606,72,22,4363636,0
192.168.50.8,54810,18,111111,89,18,9888888,0
192.168.50.7,60473,20,100000,100,20,10000000,0
192.168.50.8,51167,9,222222,77,9,17111111,0
192.168.50.6,54889,786279,12,138,87364,1762,0
192.168.50.6,57622,13,153846,82,13,12615384,0
192.168.50.6,54850,274516,72,141,14448,10323,0
192.168.50.6,64536,15,133333,84,15,11200000,0
192.168.50.6,54842,14,142857,66,14,9428571,0
192.168.50.8,60869,12,166666,73,12,12166666,0
192.168.50.8,53531,22,90909,74,22,6727272,0
192.168.50.8,65335,21,95238,67,21,6380952,0
192.168.50.8,53388,18,111111,92,18,10222222,0
192.168.50.6,54956,23144339,1,93,925773,104,0
192.168.50.6,56925,11,181818,81,11,14727272,0
192.168.50.6,56648,24,83333,85,24,7083333,0
192.168.50.6,64457,27,74074,73,27,5407407,0
192.168.50.8,53057,12,166666,89,12,14833333,0
192.168.50.8,59517,16,125000,78,16,9750000,0
172.16.0.5,58801,5091715,7,140,145477,994,0
192.168.50.8,58260,15,133333,93,15,12400000,0
192.168.50.6,64763,22,90909,83,22,7545454,0
192.168.50.6,55128,15,133333,66,15,8800000,0
192.168.50.9,39724,60563555,0,153,1835259,86,0
192.168.50.6,59349,22,90909,92,22,8363636,0
192.168.50.6,55132,9,222222,66,9,14666666,0
192.168.50.6,50263,21,95238,72,21,6857142,0
192.168.50.6,54934,171167883,1,92,978102,94,0
192.168.50.8,59648,170363147,0,166,2399480,70,0
192.168.50.6,65216,7,285714,72,7,20571428,0
199.166.0.200,443,472886172,0,563,2110270370,54,0
192.168.50.6,64807,21,95238,85,21,8095238,0
192.168.50.8,55012,16,125000,89,16,11125000,0
192.168.50.6,54832,8,250000,66,8,16500000,0
192.168.50.8,60949,13,153846,85,13,13076923,0
192.168.50.6,52629,9,222222,85,9,18888888,0
192.168.50.6,49702,15,133333,74,15,9866666,0
192.168.50.8,60646,37,54054,86,37,4648648,0
192.168.50.6,54905,117987,84,164,13109,13933,0
192.168.50.6,49752,9,222222,86,9,19111111,0
52.216.18.11,80,23177988,2,826,362156,2319,0
192.168.50.6,60136,16363,244,92,5454,22489,0
192.168.50.8,59750,5180741,1,61,740105,94,0
192.168.50.6,49630,17978,222,84,5992,18689,0
192.168.50.8,60212,16,125000,85,16,10625000,0
192.168.50.6,63290,15,133333,84,15,11200000,0
204.154.111.127,443,128061876,0,502,1663141,305,0
192.168.50.6,55130,16,125000,66,16,8250000,0
192.168.50.6,56590,419083,14,64,83816,916,0
192.168.50.8,57430,12,166666,67,12,11166666,0
192.168.50.6,55836,54,37037,85,54,3148148,0
172.16.0.5,41860,1358338254,0,60,226083176,2,0
192.168.50.6,55124,170920,117,145,8995,16967,0
192.168.50.9,55030,174010,137,138,7565,19033,0
192.168.50.8,62004,19,105263,84,19,8842105,0
192.168.50.6,54944,5353999,1,61,764857,91,0
192.168.50.6,55450,24,83333,80,24,6666666,0
172.16.0.5,65489,34,58823,449,34,26411764,1
192.168.50.6,51518,14,142857,84,14,12000000,0
192.168.50.6,54969,9002970,0,64,1800594,43,0
192.168.50.8,59816,61139566,0,318,2037985,161,0
192.168.50.6,64624,25554,156,81,8518,12679,0
192.168.50.6,64454,32,62500,73,32,4562500,0
192.168.50.8,59619,1568170,11,137,92245,1573,0
54.243.214.170,443,115760878,1,1007,981024,1035,0
192.168.50.6,62014,14,142857,107,14,15285714,0
23.194.142.213,443,409543985,0,291,7446254,39,0
192.168.50.8,50621,11,181818,92,11,16727272,0
192.168.50.6,50183,8,250000,79,8,19750000,0
192.168.50.8,59773,113901,158,150,6700,23827,0
192.168.50.8,58711,22,90909,92,22,8363636,0
192.168.50.6,61359,17233,232,72,5744,16712,0
192.168.50.8,59696,188,10638,66,188,702127,0
192.168.50.6,62978,1160109147,0,70,2514993958,0,0
192.168.50.8,59775,112284,178,141,5909,25239,0
192.168.50.8,54803,10,200000,80,10,16000000,0
192.168.50.6,54985,6044636,1,61,863519,81,0
192.168.50.8,61337,14,142857,78,14,11142857,0
192.168.50.8,63298,22,90909,77,22,7000000,0
192.168.50.6,51533,22,90909,84,22,7636363,0
192.168.50.6,54247,39,51282,83,39,4256410,0
172.16.0.5,48795,30,66666,60,30,4000000,1
192.168.50.6,61031,22,90909,93,22,8454545,0
192.168.50.8,59607,170240569,0,157,4152209,38,0
192.168.50.6,51584,19,105263,87,19,9157894,0
192.168.50.8,54844,25,80000,85,25,6800000,0
192.168.50.8,56229,23,86956,67,23,5826086,0
172.217.6.234,443,1474554565,0,211,2918259357,15,0
172.16.0.5,48692,147223,27,60,49074,1630,1
192.168.50.8,59630,5457326,1,61,779618,90,0
192.168.50.6,54848,5766688,1,61,823812,85,0
192.168.50.8,55928,22,90909,76,22,6909090,0
192.168.50.8,59673,170257439,0,113,4864498,24,0
192.168.50.6,56852,16,125000,88,16,11000000,0
192.168.50.6,55028,5344720,1,61,763531,92,0
192.168.50.6,60115,18109,220,89,6036,19658,0
192.168.50.6,55015,30053605,0,104,2003573,55,0
172.16.0.5,16054,13749297,2,143,392837,375,0
192.168.50.8,60931,1207846383,0,166,11288283,14,0
192.168.50.6,54868,170555888,0,116,5168360,23,0
192.168.50.6,54933,115109647,0,85,1718054,50,0
192.168.50.8,52621,15,133333,84,15,11200000,0
172.217.3.102,443,171031933,0,259,4385434,60,0
192.168.50.8,138,1442597682,0,243,1401427811,8,0
192.168.50.6,51941,16450,243,83,5483,20182,0
192.168.50.6,58734,11,181818,77,11,14000000,0
192.168.50.8,52520,145,13793,87,145,1200000,0
192.168.50.6,55752,16,125000,92,16,11500000,0
192.168.50.8,59798,170999105,0,126,5896520,22,0
192.168.50.8,63101,22,90909,73,22,6636363,0
192.168.50.8,62527,15,133333,80,15,10666666,0
192.168.50.6,50237,16,125000,84,16,10500000,0
192.168.50.6,55112,87115,160,348,6701,55926,0
192.168.50.8,59805,116277596,0,106,3142637,34,0
192.168.50.9,57658,107618,74,85,15374,6337,0
192.168.50.6,61281,15,133333,81,15,10800000,0
172.217.10.74,443,1173506061,0,706,674708922,151,0
192.168.50.8,53169,16,125000,72,16,9000000,0
52.85.89.250,443,116249021,2,616,359904,1717,0
192.168.50.6,60231,21,95238,82,21,7809523,0
192.168.50.8,49390,37,108108,86,12,9297297,0
192.168.50.8,59756,143187,125,150,8422,18954,0
192.168.50.6,54861,116438893,0,105,3146997,34,0
192.168.50.6,58407,22,90909,85,22,7727272,0
192.168.50.8,59847,79144405,0,192,1493290,131,0
192.168.50.6,55338,11,181818,79,11,14363636,0
192.168.51.10,5353,0,0,0,0,0,1
172.217.12.196,443,120758528,0,257,1802366,145,0
192.168.50.6,60512,125,16000,76,125,1216000,0
192.168.50.9,56740,221712,72,244,14780,17644,0
172.217.9.238,443,171713869,0,267,4640915,59,0
192.168.50.8,51442,8,250000,86,8,21500000,0
192.168.50.6,53428,16397,243,79,5465,19271,0
172.16.0.5,44504,293,6825,74,293,505119,0
192.168.50.8,59271,12,166666,81,12,13500000,0
192.168.50.6,58684,18067,221,83,6022,18376,0
192.168.50.6,54830,14,142857,66,14,9428571,0
192.168.50.6,54991,5135355,2,150,395027,408,0
192.168.50.6,59289,36,55555,84,36,4666666,0
192.168.50.8,58889,11,181818,69,11,12545454,0
192.168.50.6,54999,9014656,0,64,1802931,43,0
192.168.50.8,51052,15,133333,84,15,11200000,0
172.16.0.5,36340,5890054,5,149,190001,814,0
192.168.50.9,43568,116631593,0,112,3152205,36,0
192.168.50.9,56304,171754806,0,139,3654357,38,0
172.217.10.70,443,783332498,0,426,1193689372,57,0
192.168.50.8,63782,21,95238,85,21,8095238,0
192.168.50.8,58368,20992,190,94,6997,17911,0
192.168.50.8,51739,12,166666,85,12,14166666,0
192.168.50.8,52859,14,142857,73,14,10428571,0
192.168.50.8,58169,10,200000,80,10,16000000,0
192.168.50.8,60838,16,125000,84,16,10500000,0
192.168.50.6,53782,22,90909,90,22,8181818,0
192.168.50.8,59566,695111151,0,84,1940001862,0,0
192.168.50.6,54161,15,133333,92,15,12266666,0
192.168.50.8,55817,10,200000,77,10,15400000,0
192.168.50.8,59669,171874068,0,255,1145827,224,0
192.168.50.8,59839,117640171,0,124,4357043,29,0
192.168.50.6,55042,500741835,0,63,3396168100,1,0
192.168.50.6,54826,8,250000,66,8,16500000,0
192.168.50.6,59011,20712,193,77,6904,14870,0
192.168.50.8,59695,25153770,0,161,1197798,141,0
192.168.50.8,50350,12,166666,93,12,15500000,0
192.168.50.9,49082,1581874,24,140,42753,3369,0
192.168.50.8,61701,16,125000,89,16,11125000,0
192.168.50.6,65484,18857,212,79,6285,16757,0
192.168.50.8,59741,22,90909,66,22,6000000,0
192.168.50.6,54670,17,117647,86,17,10117647,0
192.168.50.6,55056,26903221,0,149,1582542,100,0
192.168.50.6,55052,27874047,0,136,1467055,97,0
192.168.50.8,57263,11,181818,86,11,15636363,0
192.168.50.8,55151,32,62500,73,32,4562500,0
192.168.50.6,55023,844793,11,142,93865,1690,0
192.168.50.9,55022,1118631,373,87,2682,32511,0
192.168.50.6,55137,23,86956,66,23,5739130,0
192.168.50.8,59702,24426903,0,157,1436876,115,0
192.168.50.6,54879,115272849,0,191,2260251,86,0
192.168.50.8,51154,22,90909,71,22,6454545,0
192.168.50.8,65354,21,95238,76,21,7238095,0
192.168.50.6,56423,36,55555,85,36,4722222,0
192.168.50.8,59838,121232401,0,198,1018759,196,0
192.168.50.8,59103,15,133333,84,15,11200000,0
192.168.50.8,59594,1643276,23,129,44412,2983,0
192.168.50.6,60863,17,117647,84,17,9882352,0
192.168.50.6,59463,22,90909,72,22,6545454,0
192.168.50.8,59855,283034,84,181,12305,15397,0
192.168.50.8,51718,15,133333,85,15,11333333,0
192.168.50.8,51907,136,14705,83,136,1220588,0
192.168.50.6,54852,116692312,0,121,2846153,43,0
192.168.50.6,64903,14,142857,76,14,10857142,0
192.168.50.6,54865,115824888,0,243,1429936,172,0
192.168.50.9,41488,28592,419,73,2599,30847,0
192.168.50.6,59271,22,90909,92,22,8363636,0
192.168.50.8,59676,170241109,0,116,5158821,23,0
192.168.50.6,54952,20,100000,66,20,6600000,0
192.168.50.8,53017,22,90909,83,22,7545454,0
192.168.50.8,56022,35,57142,74,35,4228571,0
192.168.50.6,55105,115678225,0,160,2821420,58,0
192.168.50.8,52081,20,100000,85,20,8500000,0
192.168.50.6,65045,27590,144,69,9196,10003,0
192.168.50.8,59711,82356,194,312,5490,60736,0
192.168.50.6,63143,22,90909,83,22,7545454,0
69.172.216.58,443,958042835,0,697,1420641511,32,0
192.168.50.8,49211,24,83333,71,24,5916666,0
192.168.50.8,64063,26,76923,84,26,6461538,0
192.168.50.6,64422,20380,196,73,6793,14327,0
192.168.50.6,62377,11,181818,74,11,13454545,0
192.168.50.8,53325,22,90909,89,22,8090909,0
192.168.50.6,53885,14,142857,87,14,12428571,0
192.168.50.8,56646,21,95238,71,21,6761904,0
192.168.50.6,54821,117407358,0,106,3173171,34,0
192.168.50.6,58495,22,90909,77,22,7000000,0
192.168.50.6,55033,151174292,0,185,2652180,71,0
192.168.50.8,52628,14,142857,73,14,10428571,0
192.168.50.6,58602,14,142857,77,14,11000000,0
192.168.50.6,55003,6057287,1,61,865326,81,0
192.168.50.8,61128,15,133333,71,15,9466666,0
192.168.50.8,59608,171253716,0,218,1783892,123,0
192.168.50.8,59639,170674308,0,224,1796571,126,0
192.168.50.8,50492,25,80000,86,25,6880000,0
192.168.50.6,50311,15,133333,85,15,11333333,0
192.168.50.6,55026,5346668,1,61,763809,92,0
192.168.50.6,54888,963941,22,133,45901,3045,0
192.168.50.8,59597,171357000,0,117,3985046,30,0
192.168.50.6,52915,24405,163,81,8135,13275,0
192.168.50.8,61749,693457042,0,75,1939765561,0,0
192.168.50.6,61979,26947,148,83,8982,12320,0
192.168.50.6,54871,203264,98,141,10698,13942,0
192.168.50.9,49092,69909,371,123,2796,45916,0
34.209.108.219,443,60738548,0,304,2429541,130,0
192.168.50.6,65514,17454,229,80,5818,18333,0
192.168.50.8,57558,10,200000,80,10,16000000,0
192.168.50.6,55131,10,200000,66,10,13200000,0
192.168.50.8,57537,21,95238,89,21,8476190,0
192.168.50.6,54856,263635,75,141,13875,10749,0
192.168.50.8,59672,99869,100,163,11096,16361,0
192.168.50.6,57205,19714,202,88,6571,17855,0
192.168.50.6,53708,36,55555,89,36,4944444,0
192.168.50.8,59726,5992683,1,61,856097,82,0
192.168.50.8,61420,19,105263,84,19,8842105,0
192.168.50.6,54884,171048379,0,130,4171911,31,0
192.168.50.8,64008,15,133333,71,15,9466666,0
192.168.50.6,55847,270527833,0,81,90175944,1,0
192.168.50.8,59629,115596268,0,79,3302750,24,0
192.168.50.6,51314,10,200000,76,10,15200000,0
192.168.50.8,59654,9015739,0,64,1803147,43,0
192.168.50.8,53323,18,111111,73,18,8111111,0
192.168.50.6,54851,116692399,0,138,2713776,52,0
192.168.50.6,54332,17408,229,86,5802,19761,0
172.217.10.34,80,503967677,0,96,3631128655,9,0
172.217.6.225,443,959627672,0,380,8968482,42,0
192.168.50.8,59658,493335,20,141,54815,2874,0
192.168.50.8,59779,738688,29,133,35175,3988,0
192.168.50.6,55129,15,133333,66,15,8800000,0
192.168.50.6,59354,10,200000,84,10,16800000,0
192.168.50.8,57735,17,117647,94,17,11058823,0
192.168.50.8,59626,15,133333,66,15,8800000,0
172.16.0.5,51292,13687911,2,159,471996,349,0
192.168.50.8,63226,23,86956,87,23,7565217,0
172.217.6.238,80,116041609,0,111,4001434,28,0
192.168.50.6,54955,23176395,0,100,1103637,95,0
192.168.50.8,56088,13,153846,69,13,10615384,0
192.168.50.6,54919,171196528,0,172,4891329,36,0
192.168.50.6,54805,41193,97,60,13731,5826,1
192.168.50.8,61707,17,117647,73,17,8588235,0
192.168.50.6,64634,19337,206,86,6445,17789,0
192.168.50.8,58926,15,133333,82,15,10933333,0
192.168.50.8,56519,21,95238,89,21,8476190,0
192.168.50.6,55035,83509707,2,75,488360,156,0
172.16.0.5,57978,129492,30,60,43164,1853,1
172.16.0.5,40861,1068425056,0,60,1993332420,0,0
192.168.50.8,49450,14,142857,85,14,12142857,0
192.168.50.9,40902,11875322,6,107,146608,741,0
192.168.50.6,53755,21,95238,73,21,6952380,0
172.217.10.67,443,1571260996,0,333,3473341260,28,0
192.168.50.8,59706,90342,221,145,4754,32100,0
192.168.50.8,60746,11,181818,77,11,14000000,0
72.21.91.29,80,1847261843,0,203,2134754592,39,0
192.168.50.8,59640,5448348,3,134,320491,443,0
192.168.50.6,54894,127621,125,166,8508,20842,0
192.168.50.6,55034,150872522,0,123,6034900,21,0
192.168.50.6,57014,21,95238,67,21,6380952,0
192.168.50.6,58153,9,222222,119,9,26444444,0
192.168.50.8,61627,21,95238,67,21,6380952,0
192.168.50.6,55085,21,95238,66,21,6285714,0
192.168.50.8,51820,11,181818,81,11,14727272,0
192.168.50.8,57592,15,133333,88,15,11733333,0
192.168.50.6,54931,10372689,5,354,181977,1980,0
192.168.50.6,63203,16957,235,119,5652,28071,0
192.168.50.6,57346,15,133333,77,15,10266666,0
104.19.199.151,443,170135160,0,373,6301302,61,0
192.168.50.8,59081,16,125000,133,16,16625000,0
192.168.50.6,54803,34435140,0,73,6887028,12,0
192.168.50.6,62841,21,95238,84,21,8000000,0
192.168.50.6,58898,126708814,0,79,42236271,2,0
192.168.50.8,63767,13,153846,78,13,12000000,0
192.168.50.6,61790,22,90909,67,22,6090909,0
192.168.50.6,54902,11,181818,66,11,12000000,0
172.16.0.5,17615,9045544,3,147,274107,553,0
192.168.50.8,64218,21,95238,78,21,7428571,0
192.168.50.8,59843,1853840792,0,121,4062688199,1,0
192.168.50.8,59760,115379,121,146,8875,17750,0
192.168.50.8,59728,173373499,0,113,3399480,34,0
192.168.50.6,54906,5575577,1,61,796511,88,0
192.168.50.6,61101,21,95238,83,21,7904761,0
192.168.50.6,49229,21,95238,81,21,7714285,0
192.168.50.8,62960,13,153846,89,13,13692307,0
192.168.50.6,55136,23,86956,66,23,5739130,0
204.154.111.122,443,222483,103,465,10112,48111,0
172.217.9.225,443,182112087,0,277,3502155,80,0
192.168.50.6,55018,275528678,0,98,1592651,62,0
192.168.50.6,50826,38,52631,85,38,4473684,0
192.168.50.6,55074,115572608,0,85,1724964,50,0
192.168.50.6,56622,37,54054,78,37,4216216,0
192.168.50.6,60391,14,142857,81,14,11571428,0
192.168.50.8,64294,22,90909,87,22,7909090,0
192.168.50.6,55096,124931259,5,259,173756,1496,0
192.168.50.8,59691,15,133333,66,15,8800000,0
192.168.50.6,49408,23,86956,67,23,5826086,0
192.168.50.8,59632,170520073,0,115,1960000,59,0
172.217.3.100,443,182041119,0,180,1685565,107,0
192.168.50.9,34100,2957296,5,235,197153,1271,0
192.168.50.6,55072,493440,109,218,9310,23917,0
192.168.50.8,59615,61252575,0,157,2112157,77,0
192.168.50.8,59667,171915237,0,179,2913817,62,0
192.168.50.6,61602,20,100000,72,20,7200000,0
192.168.50.8,59716,22808088,1,251,991656,264,0
192.168.50.6,60341,17634,226,87,5878,19734,0
192.168.50.8,51562,15,133333,80,15,10666666,0
192.168.50.8,52402,19,105263,74,19,7789473,0
192.168.50.8,62925,15,133333,83,15,11066666,0
192.168.50.8,62030,22,90909,81,22,7363636,0
192.168.50.8,60651,20,100000,67,20,6700000,0
192.168.50.8,59177,41,48780,74,41,3609756,0
192.168.50.8,64017,10,200000,86,10,17200000,0
192.168.50.6,50158,15,133333,85,15,11333333,0
192.168.50.6,59060,22,90909,84,22,7636363,0
192.168.50.6,55067,851386,11,135,94598,1592,0
192.168.50.6,53089,19195,208,83,6398,17296,0
192.168.50.6,59259,15,133333,85,15,11333333,0
192.168.50.6,56936,13,153846,78,13,12000000,0
192.168.50.8,56122,22,90909,84,22,7636363,0
172.217.6.228,443,170359652,0,208,3961852,53,0
192.168.50.6,55077,41,48780,66,41,3219512,0
192.168.50.6,49322,18,111111,67,18,7444444,0
0.0.0.0,68,1949832203,0,342,1460984164,80,0
192.168.50.8,59683,648981,27,146,38175,4058,0
192.168.50.6,51694,29775,134,73,9925,9806,0
172.16.0.5,27018,17,117647,60,17,7058823,1
192.168.50.6,55917,20889,191,84,6963,16085,0
192.168.50.8,59778,474866935,0,135,3908535502,6,0
172.16.0.5,27559,17123860,1,156,552382,292,0
192.168.50.6,62184,23,86956,85,23,7391304,0
192.168.50.6,54967,771996905,0,233,2094619386,106,0
192.168.50.6,52603,16,125000,89,16,11125000,0
192.168.50.9,50260,174927703,0,102,1841344,56,0
52.34.248.21,443,613874964,0,197,6328607,31,0
172.217.12.202,443,171271233,0,233,3114022,76,0
192.168.50.8,65522,23,86956,74,23,6434782,0
192.168.50.6,59491,10,200000,85,10,17000000,0
192.168.50.8,57248,33,60606,84,33,5090909,0
192.168.50.6,54974,1018348,9,145,113149,1423,1
192.168.50.6,57694,25,80000,76,25,6080000,0
192.168.50.6,58635,14,142857,89,14,12714285,0
192.168.50.6,55104,125171727,2,115,339218,342,0
192.168.50.6,54838,284777,56,157,18985,8856,0
172.16.0.5,512,25,80000,590,25,47200000,1
192.168.50.6,54942,5319122,1,61,759874,92,0
192.168.50.6,54860,116439087,0,105,3147002,34,0
192.168.50.6,63719,18,111111,71,18,7888888,0
216.58.219.194,80,5792067,0,63,1930689,43,0
172.16.0.5,17369,10621739,3,147,303478,499,0
192.168.50.8,54610,22,90909,76,22,6909090,0
192.168.50.8,64563,23,86956,90,23,7826086,0
192.168.50.6,55099,115524322,0,85,1724243,50,0
192.168.50.6,54930,171013672,0,126,2898536,44,0
192.168.50.8,59634,170305468,0,126,2886533,44,0
192.168.50.8,50816,36,55555,74,36,4111111,0
192.168.50.6,63199,19294,207,67,6431,13890,0
192.168.50.8,57289,15,133333,85,15,11333333,0
192.168.50.6,55103,116266281,0,152,2583695,60,0
192.168.50.6,55070,118039399,0,149,1242519,121,0
192.168.50.8,59764,175984,113,141,9262,16103,0
192.168.50.6,56368,12,166666,95,12,15833333,0
192.168.50.6,52858,46,43478,80,46,3478260,0
192.168.50.6,50937,21,95238,92,21,8761904,0
192.168.50.6,55466,36,55555,85,36,4722222,0
192.168.50.8,63583,14,142857,77,14,11000000,0
192.168.50.6,61184,24,83333,73,24,6083333,0
192.168.50.6,50507,31,64516,73,31,4709677,0
192.168.50.8,59800,173019524,0,307,1209926,255,0
192.168.50.6,49438,10,200000,82,10,16400000,0
192.168.50.8,55951,34,58823,79,34,4647058,0
204.154.111.108,443,146402,177,679,5856,120708,0
192.168.50.8,61060,26,76923,74,26,5692307,0
192.168.50.6,56623,13,153846,83,13,12769230,0
192.168.50.8,60069,15,133333,86,15,11466666,0
173.194.205.108,465,408512097,0,173,1341247143,58,0
192.168.50.8,59744,18,111111,66,18,7333333,0
192.168.50.7,51701,370561,53,191,19503,10346,0
192.168.50.8,50310,20,100000,74,20,7400000,0
192.168.50.6,53900,15,133333,73,15,9733333,0
192.168.50.8,51598,9,222222,85,9,18888888,0
192.168.50.8,49930,22,90909,80,22,7272727,0
192.168.50.6,50055,10,200000,74,10,14800000,0
192.168.50.8,59717,5856951,2,153,450534,367,0
192.168.50.6,55108,5152941,3,133,303114,466,0
192.168.50.8,57172,12,166666,84,12,14000000,0
192.168.50.9,40898,11823448,9,94,101055,945,0
192.168.50.6,55048,20,100000,66,20,6600000,0
192.168.50.6,52947,21,95238,77,21,7333333,0
192.168.50.6,57677,18521,215,73,6173,15765,0
192.168.50.6,54907,5575079,1,61,796439,88,0
192.168.50.6,54834,14,142857,66,14,9428571,0
192.168.50.8,59707,73050,246,154,4297,38056,0
192.168.50.6,62835,19883,201,78,6627,15691,0
192.168.50.6,65119,19409,206,81,6469,16693,0
192.168.50.6,62301,40,50000,84,40,4200000,0
192.168.50.6,58484,37,54054,89,37,4810810,0
192.168.50.6,55007,15,133333,66,15,8800000,0
192.168.50.8,51426,15,133333,80,15,10666666,0
192.168.50.6,63389,19,105263,84,19,8842105,0
192.168.50.6,55000,15652897,1,116,579736,209,0
192.168.50.8,57551,11,181818,84,11,15272727,0
23.192.125.97,80,1299479862,0,135,3240838874,12,0
192.168.50.6,51060,22,90909,77,22,7000000,0
192.168.50.6,56943,19160,208,74,6386,15448,0
172.16.0.5,14557,6702033,2,73,515541,152,0
192.168.50.6,51306,21,95238,92,21,8761904,0
72.167.239.239,80,1846034317,0,401,2869686585,14,0
192.168.50.8,62629,34,58823,86,34,5058823,0
192.168.50.8,63872,14,142857,86,14,12285714,0
192.168.50.6,54233,22,90909,80,22,7272727,0
192.168.50.6,57178,14,142857,78,14,11142857,0
192.168.50.6,53946,24,83333,74,24,6166666,0
192.168.50.6,53455,34,58823,85,34,5000000,0
192.168.50.8,62515,14,142857,85,14,12142857,0
192.168.50.8,54259,10,200000,83,10,16600000,0
192.168.50.6,60250,11,181818,74,11,13454545,0
192.168.50.6,55031,5266270,3,133,309780,456,0
192.168.50.6,56497,14,142857,70,14,10000000,0
192.168.50.8,59841,117565297,0,143,5598347,26,0
192.168.50.8,56609,17,117647,78,17,9176470,0
192.168.50.8,60993,21,95238,86,21,8190476,0
192.168.50.8,58076,21,95238,84,21,8000000,0
192.168.50.8,59754,170359759,0,116,5162416,23,0
192.168.50.8,50301,57,70175,92,19,6456140,0
192.168.50.8,56154,10,200000,74,10,14800000,0
192.168.50.6,64516,16020,249,83,5340,20724,0
192.168.50.6,59330,17,117647,92,17,10823529,0
192.168.50.6,63065,9,222222,73,9,16222222,0
192.168.50.8,59644,115439213,0,86,3498157,25,0
192.168.50.6,54874,13,153846,66,13,10153846,0
192.168.50.8,59700,567997,36,476,28399,17621,0
192.168.50.6,51629,35,57142,67,35,3828571,0
192.168.50.6,57761,17594,227,73,5864,16596,0
216.58.219.226,443,154362513,0,215,1008905,214,0
192.168.50.6,60469,18455,216,83,6151,17989,0
192.168.50.6,52688,18,111111,78,18,8666666,0
192.168.50.8,59832,117550137,0,126,3358575,38,0
192.168.50.6,59907,25,80000,87,25,6960000,0
192.168.50.8,56077,13,153846,89,13,13692307,0
192.168.50.8,58326,16,125000,87,16,10875000,0
192.168.50.6,61741,10,200000,80,10,16000000,0
192.168.50.8,59719,18921347,0,125,1455488,92,0
172.16.0.5,52312,1469917801,0,60,420462518,3,0
172.217.7.2,443,400365236,0,149,4351796,34,0
192.168.50.8,59733,61396714,0,140,2117128,68,0
192.168.50.8,56680,109,18348,85,109,1559633,0
192.168.50.8,54716,15,133333,95,15,12666666,0
192.168.50.8,63966,11,181818,79,11,14363636,0
192.168.50.8,64046,12,166666,67,12,11166666,0
172.217.10.138,443,171074133,0,257,5899108,45,0
192.168.50.6,61853,10,200000,84,10,16800000,0
192.168.50.8,59837,117633865,0,135,1417275,96,0
192.168.50.6,60879,21,95238,92,21,8761904,0
104.16.58.61,443,1137369,48,484,21062,23437,0
192.168.50.6,60386,19964,200,81,6654,16229,0
192.168.50.9,43542,116065437,0,92,3014619826,53,0
192.168.50.8,61599,16,125000,74,16,9250000,0
192.168.50.8,56926,22,90909,88,22,8000000,0
172.217.10.226,80,240651000,0,106,6875742,15,0
192.168.50.8,59618,1894813,21,127,48584,2683,0
192.168.50.8,59718,19157563,1,448,957878,491,0
192.168.50.6,54818,464750,21,140,51638,3020,0
192.168.50.8,54224,19,105263,88,19,9263157,0
192.168.50.6,55011,5572464,1,61,796066,88,0
192.168.50.8,55029,23,86956,93,23,8086956,0
192.168.50.6,54867,170684046,0,150,4163025,37,0
192.168.50.8,49763,27,74074,93,27,6888888,0
192.168.50.8,60758,10,200000,72,10,14400000,0
192.168.50.8,55174,14,142857,81,14,11571428,0
192.168.50.8,65324,10,200000,84,10,16800000,0
192.168.50.8,55541,10,200000,80,10,16000000,0
192.168.50.6,54897,19,105263,66,19,6947368,0
192.168.50.9,46826,65028193,0,74,5002168,15,0
192.168.50.6,55101,124435921,0,195,1430297,138,0
192.168.50.6,50527,20758,192,86,6919,16571,0
192.168.50.6,63706,22,90909,87,22,7909090,0
192.168.50.6,55089,124493028,0,123,1046159,119,0
192.168.50.8,59638,5465139,3,126,287638,464,0
172.217.9.226,80,17564930,0,63,2509275,28,0
192.168.50.8,59828,12,166666,66,12,11000000,0
172.16.0.5,623,5238432,1,560,748347,855,0
192.168.50.6,54885,115876820,0,85,3511418,25,0
192.168.50.8,59229,36,55555,67,36,3722222,0
172.16.0.5,56061,21,95238,60,21,5714285,1
192.168.50.8,60942,36,55555,85,36,4722222,0
172.16.0.5,43756,35,57142,74,35,4228571,0
192.168.50.6,65243,18,111111,73,18,8111111,0
172.217.12.164,443,170795970,0,194,3485632,57,0
192.168.50.8,58907,39,51282,73,39,3743589,0
192.168.50.6,55087,5673878,2,61,378258,173,0
54.192.55.39,443,278,14388,66,92,949640,0
192.168.50.9,40900,11823174,6,119,153547,791,0
192.168.50.6,53822,20,100000,73,20,7300000,0
192.168.50.8,57890,21,95238,67,21,6380952,0
192.168.50.6,64108,14,142857,74,14,10571428,0
192.168.50.6,54825,9,222222,66,9,14666666,0
192.168.50.6,55091,126459648,1,252,520410,487,0
192.168.50.6,64157,21,95238,85,21,8095238,0
172.16.0.5,65478,330,6060,460,330,2787878,0
192.168.50.6,55385,10,200000,74,10,14800000,0
192.168.50.6,50942,22,90909,74,22,6727272,0
192.168.50.6,59393,22,90909,84,22,7636363,0
192.168.50.6,64386,28,71428,89,28,6357142,0
192.168.50.8,59848,5862959,3,126,308576,432,0
192.168.50.8,59620,1561503,6,130,173500,833,0
192.168.50.8,53845,17,117647,89,17,10470588,0
192.168.50.6,64071,21,95238,80,21,7619047,0
192.168.50.6,54359,15,133333,74,15,9866666,0
192.168.50.6,52303,21,95238,74,21,7047619,0
192.168.50.8,59040,12,166666,80,12,13333333,0
192.168.50.8,59747,15,133333,66,15,8800000,0
192.168.50.8,59665,171049838,0,125,4385893,29,0
192.168.50.8,58059,24,83333,67,24,5583333,0
192.168.50.6,52508,15,133333,81,15,10800000,0
192.168.50.8,51196,10,200000,85,10,17000000,0
192.168.50.8,59653,400406877,0,128,2288039,56,0
172.16.0.5,34195,5097561,5,162,188798,894,0
192.168.50.6,63850,19295,207,87,6431,18035,0
192.168.50.8,61682,15,133333,80,15,10666666,0
172.217.12.162,443,410878715,0,173,3287029,53,0
192.168.50.6,52265,17,117647,84,17,9882352,0
192.168.50.8,65156,21,95238,81,21,7714285,0
192.168.50.6,55025,185170,54,154,20574,8316,0
192.168.50.6,62676,16,125000,87,16,10875000,0
192.168.50.6,64588,18336,218,84,6112,18324,0
172.217.3.97,443,171763266,0,622,1493593,420,0
192.168.50.6,54940,834551,19,177,55636,3395,1
192.168.50.8,63735,13,153846,81,13,12461538,0
192.168.50.8,60409,9,222222,88,9,19555555,0
192.168.50.6,54989,170534317,0,119,5501107,22,0
192.168.50.6,54911,170338069,0,122,4367642,28,0
192.168.50.6,50675,15,133333,93,15,12400000,0
192.168.50.8,60948,14,142857,92,14,13142857,0
192.168.50.8,59736,5549554,1,61,792793,88,0
192.168.50.8,53761,23,86956,85,23,7391304,0
192.168.50.6,54971,15931326,1,103,838490,129,0
172.16.0.5,45935,30,66666,60,30,4000000,1
192.168.50.8,53844,15,133333,87,15,11600000,0
23.203.134.74,443,632811718,0,420,1598541118,54,0
192.168.50.6,54837,30057180,0,99,2003812,52,0
192.168.50.8,59681,79564,201,320,5304,64501,0
192.168.50.6,55098,115527684,0,85,1724293,50,0
192.168.50.6,62583,16,125000,78,16,9750000,0
192.168.50.8,59803,10536135,3,301,309886,1003,0
192.168.50.6,56796,37,54054,73,37,3945945,0
192.168.50.8,59675,170256661,0,113,4864476,24,0
172.16.0.5,52928,152126,26,60,50708,1577,1
192.168.50.8,64205,29,68965,77,29,5310344,0
192.168.50.8,65283,14,142857,80,14,11428571,0
192.168.50.6,52651,22,90909,73,22,6636363,0
192.168.50.6,52780,21,95238,81,21,7714285,0
192.168.50.8,59804,68600,145,146,7622,21341,0
192.168.50.8,59742,230837100,0,75,76945700,1,0
192.168.50.6,60449,18,111111,85,18,9444444,0
192.168.50.6,53178,9,222222,80,9,17777777,0
23.194.177.32,443,509564682,0,982,2414998,408,0
192.168.50.8,59685,25929537,0,158,1234739,134,0
192.168.50.6,54950,21,95238,66,21,6285714,0
192.168.50.8,62257,15,133333,85,15,11333333,0
192.168.50.6,55113,183797,108,141,9673,15419,0
192.168.50.8,65135,15,133333,80,15,10666666,0
192.168.50.8,65471,21,95238,80,21,7619047,0
192.168.50.8,57176,18,111111,83,18,9222222,0
192.168.50.9,34670,5536586,3,134,291399,484,0
192.168.50.6,63898,19273,207,90,6424,18678,0
192.168.50.6,57792,18809,212,84,6269,17863,0
192.168.50.6,50262,19369,206,82,6456,16934,0
172.16.0.5,21032,5896591,2,254,453583,604,0
192.168.50.9,55028,175778,147,132,7031,19592,0
192.168.50.6,59753,42,47619,79,42,3761904,0
192.168.50.6,59338,17,117647,85,17,10000000,0
192.168.50.6,49167,21,95238,87,21,8285714,0
192.168.50.6,63653,21,95238,80,21,7619047,0
192.168.50.6,61914,22,90909,82,22,7454545,0
192.168.50.6,55076,13,153846,66,13,10153846,0
192.168.50.9,45270,364002,49,202,21411,9999,0
192.168.50.8,60484,15,133333,79,15,10533333,0
192.168.50.8,65314,21,95238,85,21,8095238,0
172.16.0.5,51703,4233935,7,155,145997,1102,0
192.168.50.6,55071,60829291,0,140,1031004,138,0
192.168.50.6,53166,18312,218,92,6104,20096,0
192.168.50.6,59023,22,90909,67,22,6090909,0
192.168.50.6,54878,115272558,0,192,2352501,83,0
192.168.50.6,56234,38,52631,85,38,4473684,0
192.168.50.8,59714,22936967,1,440,695059,653,0
192.168.50.6,63541,17397,229,78,5799,17934,0
192.168.50.8,57534,20,100000,84,20,8400000,0
192.168.50.9,37124,17,117647,74,17,8705882,0
172.16.0.5,11041,24,83333,60,24,5000000,1
192.168.50.6,54882,115166855,0,86,1535558,57,0
192.168.50.8,59692,15,133333,66,15,8800000,0
172.16.0.5,43044,35,57142,74,35,4228571,0
192.168.50.6,50031,16787,238,80,5595,19062,0
192.168.50.8,56342,30,66666,85,30,5666666,0
54.192.53.175,443,1854732317,0,367,1579410046,12,0
192.168.50.8,63573,12,166666,85,12,14166666,0
192.168.50.8,59701,10478109,3,353,317518,1148,0
192.168.50.8,59613,115912011,0,85,3512485,25,0
192.168.50.8,62070,16,125000,84,16,10500000,0
192.168.50.8,54133,11,181818,79,11,14363636,0
192.168.50.6,57209,16,125000,85,16,10625000,0
192.168.50.6,52479,20,100000,87,20,8700000,0
172.16.0.5,65526,26,76923,452,26,34769230,1
192.168.50.6,59716,38,52631,87,38,4578947,0
192.168.50.6,51212,22,90909,83,22,7545454,0
192.168.50.6,55278,17872,223,74,5957,16562,0
192.168.50.6,62005,12,166666,70,12,11666666,0
192.168.50.6,54908,5575389,1,61,796484,88,0
172.16.0.5,33732,20682488,1,143,590928,249,0
192.168.50.6,52929,12,166666,87,12,14500000,0
192.168.50.8,64256,46,43478,79,46,3434782,0
192.168.50.6,54977,116468698,0,156,2708574,59,0
192.168.50.6,55010,1715184,10,113,100893,1185,0
192.168.50.6,63418,19536,204,67,6512,13718,0
192.168.50.8,65453,22,90909,88,22,8000000,0
192.168.50.6,54935,116083068,0,85,3517668,25,0
192.168.50.8,49244,8,250000,73,8,18250000,0
192.168.50.6,58476,19,105263,78,19,8210526,0
192.168.50.6,53197,10,200000,87,10,17400000,0
192.168.50.6,54966,171223428,0,161,4390344,37,0
192.168.50.8,60360,27,74074,85,27,6296296,0
192.168.50.8,57626,22,90909,85,22,7727272,0
192.168.50.6,54909,5575233,1,61,796461,88,0
192.168.50.8,59688,25929324,1,143,1037172,143,0
192.168.50.6,49828,17227,232,76,5742,17646,0
192.168.50.8,57938,12,166666,83,12,13833333,0
172.217.12.198,443,1263425642,0,1041,784184769,318,0
192.168.50.9,46316,175653213,0,91,1848981,49,0
192.168.50.6,63408,56,71428,75,18,5357142,0
192.168.50.8,49687,11,181818,84,11,15272727,0
192.168.50.6,55493,38,52631,87,38,4578947,0
192.168.50.8,55657,15,133333,83,15,11066666,0
192.168.50.8,61172,9,222222,74,9,16444444,0
192.168.50.8,54427,24,83333,74,24,6166666,0
192.168.50.8,50524,24,83333,74,24,6166666,0
192.168.50.8,64555,20,100000,87,20,8700000,0
52.28.108.167,443,716,11173,66,102,737430,0
192.168.50.8,52232,15,133333,74,15,9866666,0
192.168.50.6,54347,11,181818,72,11,13090909,0
192.168.50.8,59652,79145,176,348,6088,61557,0
192.168.50.8,58701,22,90909,86,22,7818181,0
192.168.50.6,54845,5801438,1,61,828776,84,0
192.168.50.8,59383,36,55555,74,36,4111111,0
192.168.50.8,58804,10,200000,73,10,14600000,0
192.168.50.6,58667,19355,206,74,6451,15293,0
192.168.50.8,51401,10,200000,77,10,15400000,0
192.168.50.8,50117,18,111111,89,18,9888888,0
192.168.50.4,37024,1453751321,0,86,1891283002,3,0
192.168.50.6,61409,33,60606,93,33,5636363,0
192.168.50.6,65189,20674,193,84,6891,16252,0
192.168.50.8,51194,10,200000,73,10,14600000,0
204.154.111.116,443,73377,258,560,4076,145195,0
192.168.50.6,59801,25,80000,74,25,5920000,0
192.168.50.6,55127,40278974,0,152,1918046,83,0
192.168.50.6,55092,171804337,0,125,1236002,102,0
192.168.50.8,59853,120501346,0,485,2317333,213,0
192.168.50.8,59751,170364128,0,118,4155222,29,0
192.168.50.6,65498,16361,244,84,5453,20536,0
192.168.50.8,61667,11,181818,81,11,14727272,0
192.168.50.8,64612,12,166666,73,12,12166666,0
172.16.0.5,47572,5843237,5,145,177067,843,0
192.168.50.6,56984,18325,218,83,6108,18117,0
192.168.50.6,58162,11,181818,80,11,14545454,0
192.168.50.6,54949,20,100000,66,20,6600000,0
192.168.50.8,59674,142684,126,150,8393,19021,0
192.168.50.9,50332,3690500,13,277,75316,3753,0
192.168.50.8,60215,23,86956,85,23,7391304,0
192.168.50.8,63268,18,111111,95,18,10555555,0
192.168.50.8,55495,18,111111,85,18,9444444,0
192.168.50.6,63101,19780,202,80,6593,16177,0
192.168.50.6,54980,360226617,0,530,510793498,435,0
172.16.0.5,59227,149721,26,60,49907,1602,1
162.248.19.151,443,910413906,0,236,3117759522,46,0
192.168.50.8,52792,21,95238,93,21,8857142,0
192.168.50.8,56338,39,51282,84,39,4307692,0
192.168.50.8,59774,113128,159,150,6654,23990,0
172.16.0.5,0,24,83333,82,24,6833333,0
192.168.50.6,54913,170309692,0,119,5493861,22,0
192.168.50.6,54887,9014334,0,64,1802866,43,0
192.168.50.6,54870,12,166666,66,12,11000000,0
192.168.50.9,51590,120853536,0,302,2369677,129,0
192.168.50.8,59796,5156831,1,61,736690,95,0
192.168.50.6,52012,13,153846,85,13,13076923,0
192.168.50.8,59826,5270170,1,61,752881,93,0
192.168.50.6,58119,20380,196,86,6793,16879,0
192.168.50.9,50274,116013236,0,92,3515552,27,0
192.168.50.8,65214,12,166666,74,12,12333333,0
192.168.50.8,59705,5124910,3,133,301465,469,0
192.168.50.6,63459,17,117647,74,17,8705882,0
172.217.12.206,80,1429577751,0,164,2080709945,53,0
192.168.50.6,61414,20130,198,76,6710,15101,0
192.168.50.6,65349,20270,197,93,6756,18352,0
192.168.50.8,59623,12,166666,66,12,11000000,0
172.217.2.161,443,400914916,0,218,9323602,23,0
192.168.50.6,54975,542963730,1,105,620709677,182,0
192.168.50.6,50778,9,222222,73,9,16222222,0
192.168.50.6,49761,13,153846,74,13,11384615,0
192.168.50.9,46830,64847890,0,74,4988299,15,0
192.168.50.6,49753,14,142857,92,14,13142857,0
172.16.0.5,59513,226811,17,60,75603,1058,1
192.168.50.8,50533,21,95238,87,21,8285714,0
192.168.50.6,63064,20417,195,85,6805,16652,0
192.168.50.8,62685,22,90909,82,22,7454545,0
192.168.50.6,59955,16513,242,77,5504,18651,0
192.168.50.8,64801,22,90909,93,22,8454545,0
172.16.0.5,18343,25,80000,60,25,4800000,1
192.168.50.8,54699,21,95238,80,21,7619047,0
192.168.50.8,55310,21,95238,87,21,8285714,0
192.168.50.6,55135,23,86956,66,23,5739130,0
172.16.0.5,48178,149976,26,60,49992,1600,1
172.217.11.34,443,124297657,0,152,1679698,92,0
192.168.50.6,52033,21,95238,93,21,8857142,0
192.168.50.8,59790,21,95238,66,21,6285714,0
192.168.50.8,59758,170685901,0,111,4613132,24,0
192.168.50.6,53200,13,153846,88,13,13538461,0
192.168.50.8,54939,77,25974,76,77,1974025,0
192.168.50.8,53155,11,181818,81,11,14727272,0
192.168.50.6,59878,14,142857,76,14,10857142,0
192.168.50.6,52308,13,153846,77,13,11846153,0
192.168.50.8,52453,14,142857,86,14,12285714,0
172.16.0.5,38469,24,83333,590,24,49166666,1
192.168.50.8,52807,10,200000,77,10,15400000,0
192.168.50.6,52725,18572,215,84,6190,18091,0
192.168.50.8,49182,24,83333,74,24,6166666,0
192.168.50.8,52836,89,22471,67,89,1505617,0
192.168.50.8,59643,170519711,0,116,2545070,46,0
192.168.50.6,57803,22,90909,85,22,7727272,0
192.168.50.6,63623,18704,213,81,6234,17322,0
192.168.50.6,52488,14,142857,73,14,10428571,0
192.168.50.8,64236,12,166666,74,12,12333333,0
192.168.50.6,60928,21,95238,77,21,7333333,0
192.168.50.6,55111,749313290,0,270,3882303016,7,0
192.168.50.6,54859,207558,96,141,10924,13654,0
192.168.50.8,50671,22,90909,84,22,7636363,0
192.168.50.8,52472,22,90909,80,22,7272727,0
192.168.50.6,55920,16,125000,74,16,9250000,0
192.168.50.8,54841,15,133333,85,15,11333333,0
192.168.50.8,51525,16,125000,79,16,9875000,0
192.168.51.20,138,1449933764,0,261,1148980212,1,0
192.168.50.8,63095,68,29411,80,68,2352941,0
192.168.50.6,54814,718454,27,140,37813,3897,0
192.168.50.6,61996,14,142857,85,14,12142857,0
192.168.50.6,55051,23427134,1,86,755714,118,0
172.16.0.5,38980,14198833,2,147,430267,352,0
172.217.0.98,443,411165119,0,152,2259149,67,0
172.16.0.5,48272,115321,34,60,38440,2081,1
192.168.50.6,60281,12,166666,74,12,12333333,0
204.154.111.114,443,229349262,0,637,6745566,97,0
192.168.50.9,37122,9,222222,74,9,16444444,0
192.168.50.6,60799,31,64516,85,31,5483870,0
192.168.50.8,57815,462272330,0,89,1906739174,1,0
192.168.50.8,52096,15,133333,85,15,11333333,0
192.168.50.6,51015,418314,14,64,83662,917,0
192.168.50.8,59769,115543261,0,84,3301236,26,0
192.168.50.8,59686,25929463,0,201,1728630,124,0
192.168.50.6,49300,14,142857,87,14,12428571,0
192.168.50.8,59791,22,90909,66,22,6000000,0
192.168.50.6,52976,37,54054,73,37,3945945,0
192.168.50.6,54835,16,125000,66,16,8250000,0
192.168.50.8,58945,23,86956,73,23,6347826,0
192.168.50.6,60053,17,117647,67,17,7882352,0
192.168.50.6,64979,19538,204,78,6512,15968,0
192.168.50.8,50479,15,133333,89,15,11866666,0
192.168.50.6,54921,1026549,19,147,54028,2879,1
192.168.50.6,61173,20,100000,77,20,7700000,0
192.168.50.6,55147,352725,39,348,27132,13812,0
192.168.50.8,59737,727461,24,138,42791,3420,0
192.168.50.8,53213,14,142857,87,14,12428571,0
192.168.50.6,57674,16535,241,74,5511,17901,0
192.168.50.6,56085,11,181818,73,11,13272727,0
52.88.72.192,443,61160324,0,289,2265197,132,0
192.168.50.6,59077,15,133333,86,15,11466666,0
172.217.10.228,443,170208040,0,254,6546463,40,0
192.168.50.6,61122,12,166666,81,12,13500000,0
192.168.50.6,54256,16289,245,86,5429,21118,0
192.168.50.6,55141,788206519,0,111,3836042115,2,0
192.168.50.9,40888,12526952,14,98,68453,1442,0
192.168.50.6,53654,19327,206,77,6442,15936,0
192.168.50.6,65011,9,222222,71,9,15777777,0
192.168.50.8,56051,14,142857,83,14,11857142,0
192.168.50.6,60513,22,90909,80,22,7272727,0
173.194.204.108,465,193765559,0,195,2018391,97,0
192.168.50.8,64486,22,90909,84,22,7636363,0
192.168.50.8,58820,16,125000,133,16,16625000,0
52.84.33.52,80,115745715,0,129,3991231,33,0
192.168.50.6,55009,223367,62,170,17182,10708,0
192.168.50.8,59671,170293820,0,116,5160418,23,0
192.168.50.6,53014,20829,192,73,6943,14018,0
192.168.50.6,60510,21389,187,77,7129,14399,0
192.168.50.6,54827,15,133333,66,15,8800000,0
192.168.50.4,22,1396974299,0,216,168985708,131,0
192.168.50.8,53461,8,250000,86,8,21500000,0
40.77.232.95,443,301637,49,701,21545,34892,0
192.168.50.6,62036,15,133333,95,15,12666666,0
192.168.50.8,59680,171033514,0,113,4886671,23,0
192.168.50.6,54863,5198918,1,61,742702,94,0
192.168.50.6,55205,22,90909,81,22,7363636,0
192.168.50.8,61767,9,222222,85,9,18888888,0
192.168.50.8,59645,5256438,3,126,276654,480,0
192.168.50.6,55088,124493023,0,123,1046159,119,0
192.168.50.6,54900,16,125000,66,16,8250000,0
192.168.50.8,59595,15671170,1,101,824798,129,0
192.168.50.6,53698,17277,231,80,5759,18521,0
192.168.50.6,51982,15,133333,74,15,9866666,0
192.168.50.6,54984,6045501,1,61,863643,81,0
192.168.50.6,58085,18600,215,92,6200,19784,0
192.168.50.8,57882,39,51282,79,39,4051282,0
192.168.50.8,64962,27,74074,81,27,6000000,0
192.168.50.6,64300,20,100000,80,20,8000000,0
192.168.50.8,59772,1038878563,0,147,4196901633,11,0
172.16.0.5,46769,168,11904,60,168,714285,1
192.168.50.6,54953,20,100000,66,20,6600000,0
192.168.50.8,61338,15,133333,86,15,11466666,0
192.168.50.8,59850,117151014,0,180,3779064,49,0
192.168.50.8,64858,9,222222,77,9,17111111,0
192.168.50.6,64577,36,55555,93,36,5166666,0
172.217.10.98,443,163215451,1,143,660791,218,0
192.168.50.6,60059,26145,152,77,8715,11780,0
192.168.50.6,54645,17800,224,77,5933,17303,0
192.168.50.8,59145,9,222222,76,9,16888888,0
192.168.50.6,57935,34,58823,74,34,4352941,0
192.168.50.6,55106,124309119,0,410,2260165,184,0
192.168.50.8,55777,15,133333,85,15,11333333,0
192.168.50.6,55063,170438255,0,86,1959060,44,0
192.168.50.6,60862,21,95238,85,21,8095238,0
192.168.50.8,54553,21,95238,74,21,7047619,0
192.168.50.8,59815,5941909,2,153,457069,361,0
192.168.50.6,54983,15752747,1,106,926632,121,0
192.168.50.9,48200,100236,79,85,14319,6803,0
192.168.50.6,65366,26,76923,67,26,5153846,0
192.168.50.8,59831,5267293,1,61,752470,93,0
192.168.50.6,49161,18674,214,88,6224,18849,0
192.168.50.6,52223,16951,235,76,5650,17934,0
192.168.50.6,54937,10073145,1,292,592537,522,0
192.168.50.6,54918,170249541,0,167,4601338,37,0
192.168.50.8,60023,14,142857,88,14,12571428,0
192.168.50.6,55047,20,100000,66,20,6600000,0
192.168.50.6,61063,14,142857,83,14,11857142,0
172.217.11.14,80,166608502,1,204,930773,221,0
192.168.50.6,56276,27,74074,73,27,5407407,0
192.168.50.8,63944,23,86956,92,23,8000000,0
192.168.50.6,62250,16343,244,74,5447,18111,0
192.168.50.8,56616,29,68965,80,29,5517241,0
192.168.50.6,49934,39,51282,77,39,3948717,0
192.168.50.6,59208,17849,224,86,5949,19272,0
192.168.50.8,52290,16,125000,87,16,10875000,0
192.168.50.6,63702,15,133333,86,15,11466666,0
192.168.50.6,55146,79405,226,292,4670,66267,0
192.168.50.8,54849,13,153846,86,13,13230769,0
192.168.50.6,54938,1775777,21,128,47993,2742,0
192.168.50.8,61393,21,95238,87,21,8285714,0
192.168.50.8,64820,13,153846,73,13,11230769,0
192.168.50.6,52966,17997,222,84,5999,18669,0
192.168.50.9,46848,64671426,0,74,4974725,16,0
192.168.50.6,49543,37,54054,89,37,4810810,0
192.168.50.6,53991,17,117647,88,17,10352941,0
23.194.108.16,443,1401068039,0,419,2258845907,32,0
192.168.50.8,49340,16,125000,87,16,10875000,0
192.168.50.8,59261,13,153846,73,13,11230769,0
192.168.50.9,34556,39488,101,67,13162,6786,0
192.168.50.6,56066,7,285714,92,7,26285714,0
192.168.50.6,59459,31,64516,92,31,5935483,0
35.158.163.158,443,71,56338,66,23,3718309,0
192.168.50.8,62215,12,166666,85,12,14166666,0
172.16.0.5,32742,14310454,2,211,493463,443,0
192.168.50.6,59350,47,42553,85,47,3617021,0
192.168.50.8,52670,14,142857,77,14,11000000,0
192.168.50.6,54922,732060,13,142,81340,1950,0
192.168.50.8,60926,40,100000,83,13,8300000,0
192.168.50.6,55761,23,86956,84,23,7304347,0
192.168.50.8,54266,18,111111,67,18,7444444,0
192.168.50.6,54811,21,95238,73,21,6952380,0
192.168.50.6,61542,17966,222,74,5988,16475,0
192.168.50.8,61299,16,125000,88,16,11000000,0
192.168.50.6,54411,32,62500,82,32,5125000,0
192.168.50.8,59470,49,81632,74,16,6040816,0
192.168.50.8,59631,170521169,0,115,1960013,59,0
192.168.50.6,54855,216761,92,141,11408,13074,0
192.168.50.6,64032,35,57142,74,35,4228571,0
192.168.50.8,62881,30,66666,89,30,5933333,0
192.168.50.6,54920,9014889,0,64,1802977,43,0
192.168.50.6,57985,17793,224,87,5931,19558,0
192.168.50.6,59905,16289,245,79,5429,19399,0
192.168.50.6,55121,1584281,6,137,176031,864,0
192.168.50.6,56815,29,68965,75,29,5172413,0
192.168.50.6,55027,5346064,1,61,763723,92,0
192.168.50.8,55102,19,105263,84,19,8842105,0
192.168.50.6,61149,16,125000,67,16,8375000,0
192.168.50.6,50538,19,105263,74,19,7789473,0
192.168.50.8,54144,16,125000,74,16,9250000,0
192.168.50.6,60157,20913,191,86,6971,16449,0
192.168.50.6,55057,26903024,0,164,1793534,97,0
192.168.50.6,54899,21,95238,66,21,6285714,0
192.168.50.6,61909,20663,193,85,6887,16454,0
192.168.50.6,51808,21,95238,76,21,7238095,0
192.168.50.6,55093,234760,85,141,12355,12071,0
192.168.50.6,56024,20500,195,84,6833,16390,0
192.168.50.8,59793,15,133333,66,15,8800000,0
192.168.50.6,60501,20,100000,72,20,7200000,0
192.168.50.8,59710,24056975,0,220,1045955,220,0
192.168.50.9,60096,54058,147,85,7722,12616,0
192.168.50.6,53923,26574,150,73,8858,10988,0
192.168.50.8,52509,11,181818,73,11,13272727,0
192.168.50.8,58285,9,222222,92,9,20444444,0
192.168.50.8,60800,15,133333,84,15,11200000,0
192.168.50.6,58032,14,142857,77,14,11000000,0
192.168.50.6,62563,22,90909,69,22,6272727,0
192.168.50.6,64077,17,117647,85,17,10000000,0
172.16.0.5,42392,730072978,0,60,104296139,0,0
172.217.11.10,443,182521965,0,300,2570731,118,0
192.168.50.9,37312,23470,426,79,2607,33659,0
192.168.50.8,53247,109,18348,87,109,1596330,0
192.168.50.6,53758,15,133333,80,15,10666666,0
192.168.50.6,58549,11,181818,89,11,16181818,0
192.168.50.8,60713,8,250000,93,8,23250000,0
192.168.50.8,57930,9,222222,86,9,19111111,0
192.168.50.6,55086,22,90909,66,22,6000000,0
192.168.50.6,54927,171141692,0,127,1967145,65,0
192.168.50.8,59958,17,117647,78,17,9176470,0
192.168.50.8,54281,10,200000,85,10,17000000,0
192.168.50.6,51064,746064153,0,76,1514551782,1,0
172.16.0.5,56993,126459,31,60,42153,1897,1
192.168.50.8,59818,1941946,20,127,49793,2634,0
192.168.50.6,52666,16180,247,92,5393,22744,0
192.168.50.9,42724,1666342,21,144,47609,3119,1
192.168.50.8,54261,9,222222,86,9,19111111,0
192.168.50.8,59842,117570259,0,179,3792589,48,0
172.16.0.5,42885,34,58823,60,34,3529411,1
192.168.50.6,64767,12,166666,85,12,14166666,0
192.168.50.8,59835,117338444,0,124,4345868,29,0
192.168.50.6,49232,19693,203,85,6564,17265,0
192.168.50.6,54872,1581296297,0,183,1035338302,141,0
192.168.50.6,51775,18629,214,80,6209,17177,0
192.168.50.6,58288,20,100000,77,20,7700000,0
192.168.50.6,55142,5724157,3,133,336715,419,0
192.168.50.8,59770,411191821,0,161,3398279,47,0
172.16.0.5,9584,4812451,6,155,155240,1036,0
192.168.50.8,59709,10108374,1,266,532019,527,0
192.168.50.6,64446,28,71428,82,28,5857142,0
192.168.50.6,55094,253552,78,141,13344,11177,0
172.217.9.226,443,982584349,0,643,1029962,625,0
192.168.50.6,50569,421300,14,66,84260,939,0
192.168.50.8,55186,10,200000,73,10,14600000,0
192.168.50.6,58003,31,64516,85,31,5483870,0
192.168.50.8,50667,11,181818,78,11,14181818,0
192.168.50.6,55145,73329,245,290,4313,71404,0
23.63.78.40,80,1437440577,0,100,1442798715,9,0
192.168.50.8,53554,30727910,0,78,10242636,10,0
172.16.0.5,25294,9396840,3,147,284752,533,0
192.168.50.6,58383,40,50000,83,40,4150000,0
192.168.50.6,51138,33,60606,70,33,4242424,0
192.168.50.8,50987,36,55555,73,36,4055555,0
192.168.50.8,59660,6011207,1,61,858743,81,0
192.168.50.8,59616,116016428,0,84,3314755,26,0
192.168.50.8,59633,172380397,0,200,1205457,167,0
192.168.50.6,60155,11,181818,85,11,15454545,0
192.168.50.8,59641,5363149,3,126,282271,472,0
192.168.50.6,57641,21,95238,85,21,8095238,0
192.168.50.6,54886,120971705,0,357,2419434,150,0
192.168.50.8,54028,32,62500,73,32,4562500,0
192.168.50.8,50772,15,133333,86,15,11466666,0
192.168.50.6,52533,24,83333,87,24,7250000,0
192.168.50.8,59755,172252366,0,195,2359621,84,0
192.168.50.8,64360,22,90909,73,22,6636363,0
192.168.50.6,50160,22,90909,89,22,8090909,0
192.168.50.6,56918,18952,211,73,6317,15407,0
192.168.50.8,49759,38,52631,87,38,4578947,0
172.16.0.5,44193,158799,25,60,52933,1511,1
192.168.50.6,55282,17742,225,85,5914,19163,0
192.168.50.8,59666,171048884,0,125,4385868,29,0
192.168.50.8,52987,185,10810,92,185,994594,0
192.168.50.6,58465,22,90909,83,22,7545454,0
192.168.50.8,52185,16,125000,87,16,10875000,0
172.16.0.5,625,22,90909,550,22,50000000,1
192.168.50.6,54916,170367388,0,116,5162648,23,0
192.168.50.8,59746,35,57142,66,35,3771428,0
172.16.0.5,44749,181146,22,60,60382,1324,1
192.168.50.6,54965,772745192,1,263,2104944387,320,0
192.168.50.6,53400,18427,217,93,6142,20187,0
192.168.50.6,62858,11,181818,73,11,13272727,0
192.168.50.6,59049,18994,210,87,6331,18321,0
172.217.9.238,80,664863209,0,146,20147369,7,0
172.16.0.5,43019,121733,32,60,40577,1971,1
192.168.50.6,55119,178502,100,149,10500,15092,0
192.168.50.8,59752,170363996,0,115,3961953,29,0
192.168.50.8,55121,15,133333,85,15,11333333,0
192.168.50.8,51181,9,222222,67,9,14888888,0
192.168.50.8,64854,15,133333,72,15,9600000,0
192.168.50.8,60750,25,80000,79,25,6320000,0
192.168.50.8,59642,147145,135,269,7744,36576,0
192.168.50.6,54831,14,142857,66,14,9428571,0
192.168.50.6,63970,16,125000,80,16,10000000,0
192.168.50.8,58305,14,142857,73,14,10428571,0
192.168.50.8,53267,14,142857,93,14,13285714,0
192.168.50.8,59749,14,142857,66,14,9428571,0
192.168.50.6,52765,9,222222,87,9,19333333,0
192.168.50.9,57352,5414662,3,133,284982,491,0
192.168.50.8,59846,115752610,0,156,2691921,59,0
192.168.50.6,51171,23,86956,67,23,5826086,0
192.168.50.8,55292,51,39215,84,51,3294117,0
192.168.50.6,61852,22,90909,67,22,6090909,0
192.168.50.8,59084,15,133333,84,15,11200000,0
192.168.50.6,54836,30057233,0,99,2003815,52,0
192.168.50.8,59715,22808289,0,149,1341664,118,0
192.168.50.6,55045,20,100000,66,20,6600000,0
192.168.50.6,62406,31,64516,71,31,4580645,0
192.168.50.6,54808,9014973,0,64,1802994,43,0
23.194.108.29,443,945,6349,76,189,484656,0
192.168.50.8,59732,118170438,0,132,2514264,53,0
192.168.50.8,59766,15,133333,66,15,8800000,0
192.168.50.8,59649,115301187,0,84,3294319,26,0
192.168.50.6,54866,68786,145,146,7642,21254,0
192.168.50.8,49777,40,50000,67,40,3350000,0
192.168.50.6,55083,23,86956,66,23,5739130,0
192.168.50.6,54712,20097,199,73,6699,14529,0
192.168.50.6,54941,809798,12,158,89977,1951,1
192.168.50.6,54925,171156065,0,127,2282080,56,0
192.168.50.6,54839,255360,62,164,17024,10307,0
52.43.17.8,443,60400742,0,381,2416029,164,0
192.168.50.6,55013,5571837,1,61,795976,88,0
192.168.50.8,59794,145572,123,150,8563,18643,0
192.168.50.8,60647,15,133333,82,15,10933333,0
192.168.50.6,50512,12,166666,83,12,13833333,0
192.168.50.6,55090,116790792,0,121,1407117,87,0
192.168.50.9,39380,68351,146,153,7594,22472,0
173.194.205.109,465,1633827,29,212,34762,6250,0
192.168.50.6,55079,15,133333,66,15,8800000,0
192.168.50.8,59598,5403545,1,61,771935,91,0
192.168.50.8,59765,22,90909,66,22,6000000,0
192.168.50.6,53406,9,222222,85,9,18888888,0
192.168.50.6,58615,9,222222,89,9,19777777,0
172.16.0.5,29835,9413437,3,147,285255,532,0
192.168.50.8,61573,143,13986,74,143,1034965,0
192.168.50.6,52392,25,80000,87,25,6960000,0
192.168.50.6,54945,5353110,1,61,764730,91,0
192.168.50.6,54973,1016656,9,144,112961,1422,1
192.168.50.8,52444,9,222222,74,9,16444444,0
192.168.50.8,59795,170251626,0,113,4864332,24,0
192.168.50.8,59851,115760963,0,156,2823438,56,0
192.168.50.6,58793,9,222222,92,9,20444444,0
172.217.10.66,443,1446611876,0,246,1490695812,12,0
192.168.50.8,59611,171191898,0,177,4175412,43,0
192.168.50.6,54881,115273066,0,146,2561623,58,0
192.168.50.6,59860,22,90909,80,22,7272727,0
192.168.50.6,58644,22,90909,85,22,7727272,0
192.168.50.9,49160,1799277,23,133,43884,3109,0
104.19.197.151,443,116581401,0,404,5299154,79,0
192.168.50.8,61870,38,52631,72,38,3789473,0
192.168.50.8,55392,22,90909,74,22,6727272,0
192.168.50.8,59743,20,100000,66,20,6600000,0
172.16.0.5,30500,9713584,3,147,277530,546,0
192.168.50.6,63128,14,142857,89,14,12714285,0
192.168.50.6,55073,115573060,0,85,1724971,50,0
172.16.0.5,28873,11728389,3,145,335096,447,0
192.168.50.8,59625,5478265,1,61,782609,89,0
192.168.50.6,55040,5297600,1,61,756800,92,0
192.168.50.8,56770,14,142857,89,14,12714285,0
172.16.0.5,40119,148683,26,60,49561,1614,1
192.168.50.6,55066,922188,19,136,54246,2671,0
192.168.50.6,61436,16763,238,87,5587,20760,0
192.168.50.6,65063,28,71428,86,28,6142857,0
192.168.50.8,64177,16,125000,81,16,10125000,0
192.168.50.8,59840,117635156,0,198,2735701,74,0
172.217.10.98,80,129157387,0,63,8610492,7,0
192.168.50.6,49275,17374,230,87,5791,20029,0
192.168.50.8,59789,127858,140,154,7521,21742,0
172.217.10.226,443,1572293899,0,655,1133353598,394,0
192.168.50.6,57500,38,52631,86,38,4526315,0
192.168.50.8,59624,16,125000,66,16,8250000,0
192.168.50.8,53684,21,95238,74,21,7047619,0
192.168.50.8,51083,13,153846,80,13,12307692,0
192.168.50.6,55046,21,95238,66,21,6285714,0
192.168.50.8,59703,68341,146,146,7593,21421,0
192.168.50.6,57745,36,55555,67,36,3722222,0
192.168.50.6,55561,22,90909,77,22,7000000,0
172.217.6.230,443,865284460,0,290,2125751458,20,0
173.194.204.109,465,1355087552,0,214,1052945857,30,0
69.172.216.55,443,963524927,0,873,1529425616,116,0
192.168.50.6,55126,130493,153,145,6868,22223,0
192.168.50.8,53930,11,181818,77,11,14000000,0
192.168.50.6,54840,28,71428,66,28,4714285,0
172.217.3.106,443,234887573,0,274,2864482,97,0
172.217.2.166,443,170660517,0,308,1028075,302,0
192.168.50.8,59827,9,222222,66,9,14666666,0
192.168.50.6,64114,13,153846,81,13,12461538,0
192.168.50.6,53017,13,153846,93,13,14307692,0
192.168.50.6,57613,14,142857,77,14,11000000,0
192.168.50.8,59601,188390527,0,133,3693931,36,0
192.168.50.6,55004,170302277,0,172,4602764,38,0
192.168.50.8,54468,27,74074,84,27,6222222,0
192.168.50.6,49255,21,95238,74,21,7047619,0
192.168.50.6,54823,10,200000,66,10,13200000,0
172.16.0.5,59055,27,74074,60,27,4444444,1
23.192.125.11,80,1456288867,0,155,2368337605,14,0
192.168.50.6,51528,17408,229,85,5802,19531,0
192.168.50.8,53358,13,153846,85,13,13076923,0
192.168.50.8,61889,9,222222,77,9,17111111,0
192.168.50.8,54561,9,222222,78,9,17333333,0
192.168.50.6,51372,18,111111,77,18,8555555,0
192.168.50.6,54964,170950433,0,119,5514530,22,0
192.168.50.6,62297,32,62500,67,32,4187500,0
192.168.50.6,54961,772928265,0,102,1782320881,31,0
192.168.50.9,40896,11823721,8,99,119431,845,0
192.168.50.6,56701,37,54054,66,37,3567567,0
192.168.50.8,62093,15,133333,87,15,11600000,0
192.168.50.8,64847,165,12121,84,165,1018181,0
192.168.50.6,50118,36,55555,72,36,4000000,0
192.168.50.6,52162,19749,202,89,6583,18026,0
192.168.50.6,64172,36,55555,86,36,4777777,0
192.168.50.8,59787,170667287,0,121,5505396,22,0
192.168.50.8,64589,34,58823,82,34,4823529,0
192.168.50.6,60772,18913,211,92,6304,19457,0
192.168.50.8,56531,9,222222,80,9,17777777,0
192.168.50.6,59494,18940,211,83,6313,17529,0
192.168.50.6,55039,5297834,1,61,756833,92,0
192.168.50.4,38306,60672511,0,165,2092155,82,0
192.168.50.6,64480,18,111111,77,18,8555555,0
192.168.50.6,51130,418134,14,64,83626,918,0
192.168.50.6,53313,38,52631,76,38,4000000,0
192.168.50.8,51572,123,16260,87,123,1414634,0
192.168.50.6,63192,17,117647,76,17,8941176,0
52.85.89.76,443,1009108,36,1033,28030,37877,0
192.168.50.8,53783,62,32258,78,62,2516129,0
192.168.50.8,59808,171073873,0,158,4172533,38,0
192.168.50.8,59682,245608846,0,161,3108972,52,0
192.168.50.6,53112,20,100000,100,20,10000000,0
192.168.50.6,55012,1309671903,0,63,3486049219,0,0
192.168.50.8,53186,17,117647,71,17,8352941,0
192.168.50.6,58384,35,57142,74,35,4228571,0
192.168.50.8,59799,173022762,0,173,2836438,62,0
192.168.50.6,55053,15317597,0,113,1178276,103,0
192.168.50.6,65465,20272,197,74,6757,14601,0
192.168.50.8,64766,31,64516,85,31,5483870,0
192.168.50.6,55709,17,117647,78,17,9176470,0
192.168.50.6,61412,21078,189,89,7026,16889,0
192.168.50.8,59792,23,86956,66,23,5739130,0
192.168.50.6,54997,761064,13,142,84562,1876,0
172.16.0.5,47150,101556,39,60,33852,2363,1
192.168.50.8,59609,170541927,0,155,4159559,38,0
192.168.50.6,63565,20,100000,87,20,8700000,0
192.168.50.6,61167,19256,207,87,6418,18072,0
192.168.50.6,54800,36434616,0,73,7286923,12,0
192.168.50.9,49094,1152377,27,180,37173,5012,0
192.168.50.6,59316,10,200000,93,10,18600000,0
172.16.0.5,61549,58,34482,1030,58,35517241,1
192.168.50.8,53617,23,86956,67,23,5826086,0
192.168.50.9,48208,100766,79,85,14395,6768,0
192.168.50.6,55019,1876749,18,131,56871,2387,0
172.217.3.99,443,676428082,0,328,2096456897,55,0
192.168.50.8,60019,11,181818,81,11,14727272,0
172.217.9.234,443,1552612185,0,324,2865015142,15,0
192.168.50.6,57588,21,95238,79,21,7523809,0
192.168.50.6,54857,266085,75,141,14004,10650,0
172.16.0.5,33259,199,20100,1030,66,20703517,1
192.168.50.6,50011,17875,223,73,5958,16335,0
172.217.11.6,443,1571379583,0,897,3373568601,481,0
192.168.50.9,34662,5574811,3,134,293411,481,0
192.168.50.8,53097,21,95238,73,21,6952380,0
172.217.10.34,443,376457863,0,221,2945185926,75,0
192.168.50.6,50114,15,133333,84,15,11200000,0
192.168.50.8,63905,22,90909,77,22,7000000,0
192.168.50.6,54995,15680081,1,101,825267,129,0
192.168.50.6,64969,19,105263,84,19,8842105,0
192.168.50.8,61079,20,100000,86,20,8600000,0
192.168.50.8,52876,23,86956,83,23,7217391,0
192.168.50.6,51202,21,95238,87,21,8285714,0
192.168.50.8,65049,1096661835,0,75,1997366246,0,0
192.168.50.6,55064,5722143,2,61,381476,171,0
34.208.7.98,443,60597313,0,311,2423892,133,0
192.168.50.8,60736,17,117647,86,17,10117647,0
192.168.50.6,54903,21,95238,66,21,6285714,0
192.168.50.8,60787,13,153846,85,13,13076923,0
192.168.50.6,50197,20334,196,73,6778,14360,0
172.16.0.5,51049,156831,25,60,52277,1530,1
34.209.30.112,443,900370771,0,72,29044218,2,0
192.168.50.6,54843,15,133333,66,15,8800000,0
192.168.50.6,61265,79,25316,85,79,2151898,0
192.168.50.6,57821,16,125000,74,16,9250000,0
192.168.50.8,59745,36,55555,66,36,3666666,0
192.168.50.6,54932,171260011,0,162,2283466,71,0
192.168.50.8,59687,25929345,0,164,1728623,101,0
192.168.50.6,61722,15970,250,82,5323,20538,0
192.168.50.6,54896,18,111111,66,18,7333333,0
192.168.50.4,59089,47,42553,90,47,3829787,0
192.168.50.8,64031,17,117647,74,17,8705882,0
192.168.50.8,60852,5,400000,80,5,32000000,0
192.168.50.6,52970,18732,213,76,6244,16228,0
192.168.50.6,56776,16,125000,71,16,8875000,0
192.168.50.6,54869,171545860,0,119,2171466,55,0
192.168.50.8,58070,16,125000,73,16,9125000,0
192.168.50.8,56884,14,142857,89,14,12714285,0
192.168.50.8,53130,15,133333,83,15,11066666,0
192.168.50.6,54820,1583503638,0,164,548630830,9,0
172.217.2.174,443,170502854,0,270,7104285,39,0
192.168.50.6,53617,15,133333,79,15,10533333,0
172.16.0.5,53021,34,58823,60,34,3529411,1
192.168.50.8,63528,14,142857,92,14,13142857,0
192.168.50.8,61505,15,133333,85,15,11333333,0
192.168.50.8,54795,16,125000,95,16,11875000,0
192.168.50.8,65142,19,105263,80,19,8421052,0
192.168.50.8,59664,5983696,1,61,854813,82,0
192.168.50.6,62127,76,52631,85,25,4473684,0
192.168.50.8,57953,22,90909,87,22,7909090,0
172.16.0.5,40125,33,60606,60,33,3636363,1
192.168.50.9,55024,340472,76,132,13618,10080,0
192.168.50.6,64237,11,181818,93,11,16909090,0
192.168.50.6,55084,22,90909,66,22,6000000,0
192.168.50.8,64535,14,142857,87,14,12428571,0
192.168.50.8,60371,18,111111,82,18,9111111,0
192.168.50.8,51666,31,64516,89,31,5741935,0
192.168.50.8,59650,115261967,0,84,3293199,26,0
192.168.50.6,56251,19075,209,83,6358,17404,0
192.168.50.6,49201,14,142857,78,14,11142857,0
192.168.50.8,59596,5440037,1,61,777148,90,0
192.168.50.8,63985,24,83333,85,24,7083333,0
172.16.0.5,44432,104674,38,60,34891,2292,1
192.168.50.8,59849,115160568,0,85,3489714,25,0
192.168.50.6,55118,1618614,6,135,179846,837,0
192.168.50.8,56941,12,166666,80,12,13333333,0
192.168.50.6,55078,604380,6,75,201460,499,0
192.168.50.6,60699,22,90909,92,22,8363636,0
192.168.50.9,39382,68780,145,153,7642,22332,0
192.168.50.8,59712,11094843,2,445,443793,1042,0
172.16.0.5,56106,26,76923,60,26,4615384,1
192.168.50.6,52583,15,133333,85,15,11333333,0
172.16.0.5,523,9037,885,670,1291,593117,0
192.168.50.8,53739,22,90909,80,22,7272727,0
192.168.50.6,61038,32,62500,83,32,5187500,0
192.168.50.8,58408,28,71428,82,28,5857142,0
192.168.50.8,55101,15,133333,80,15,10666666,0
192.168.50.9,55774,39299,101,67,13099,6819,0
192.168.50.8,59524,20,100000,81,20,8100000,0
192.168.50.8,59637,170673536,1,111,998090,112,0
192.168.50.8,59693,3155290,4,124,242714,551,0
23.194.140.249,443,115343716,0,250,2883592,88,0
23.63.78.19,80,173782140,0,110,3546574,31,0
192.168.50.8,59661,6005991,1,61,857998,81,0
192.168.50.8,52093,20,100000,86,20,8600000,0
192.168.50.8,53546,1736383987,0,80,1329207806,0,0
192.168.50.9,54320,1915626,88,117,11335,10436,1
192.168.50.8,62632,15,133333,93,15,12400000,0
192.168.50.8,59937,21,95238,93,21,8857142,0
192.168.50.6,54912,170337406,0,122,4367625,28,0
192.168.50.8,59258,16,125000,73,16,9125000,0
192.168.50.6,58992,21048,190,84,7016,15963,0
192.168.50.9,54318,98966,222,144,4712,32132,0
192.168.50.8,55206,16,125000,84,16,10500000,0
192.168.50.8,50946,14,142857,93,14,13285714,0
104.27.181.86,80,5248741,1,62,1049748,70,0
172.217.10.78,443,785900436,0,349,1830895090,20,0
192.168.50.6,55528,17,117647,74,17,8705882,0
192.168.50.8,56290,9,222222,71,9,15777777,0
192.168.50.6,54285,17040,234,76,5680,17840,0
192.168.50.8,59200,11,181818,85,11,15454545,0
192.168.50.6,54936,5927863,3,133,348697,405,0
192.168.50.6,59124,35,57142,87,35,4971428,0
192.168.50.6,54576,16,125000,85,16,10625000,0
192.168.50.9,48866,157537,812,82,1240,67311,0
192.168.50.6,57942,35,57142,76,35,4342857,0
192.168.50.6,62783,15,133333,88,15,11733333,0
192.168.50.8,59825,15142131,0,103,1164779,95,0
192.168.50.8,50041,9,222222,86,9,19111111,0
192.168.50.8,50846,27,74074,86,27,6370370,0
192.168.50.8,53345,21,95238,79,21,7523809,0
192.168.50.6,64889,19321,207,87,6440,18011,0
192.168.50.8,63600,15,133333,74,15,9866666,0
192.168.50.6,61513,22,90909,67,22,6090909,0
192.168.50.8,59781,5833181,1,61,833311,84,0
192.168.50.6,54704,21,95238,73,21,6952380,0
172.217.6.194,443,432020959,0,738,1612018,459,0
204.154.111.133,443,1096758,30,381,34273,11490,0
192.168.50.8,51396,250,8000,85,250,680000,0
52.41.78.152,443,61305268,0,287,2270565,131,0
192.168.50.8,61346,10,200000,79,10,15800000,0
192.168.50.8,49615,14,142857,80,14,11428571,0
216.58.219.194,443,354596943,1,500,844278,594,0
192.168.50.8,51697,15,133333,80,15,10666666,0
192.168.50.6,54951,13,153846,66,13,10153846,0
192.168.50.9,34666,5557252,3,134,292486,482,0
192.168.50.8,51709,16,125000,93,16,11625000,0
192.168.50.6,61205,17,117647,84,17,9882352,0
192.168.50.9,60548,10078751,1,126,530460,251,0
192.168.50.8,55948,16,125000,74,16,9250000,0
192.168.50.6,50362,16639,240,89,5546,21395,0
192.168.50.4,5353,48,62500,183,24,11437500,1
192.168.50.6,54875,170412149,0,160,4605733,35,0
192.168.50.6,55036,902266,19,169,53074,3371,1
192.168.50.6,55017,9,222222,66,9,14666666,0
192.168.50.8,54153,229560214,0,76,76520071,1,0
192.168.50.8,50589,11,181818,80,11,14545454,0
192.168.50.8,59820,446127,31,162,34317,5110,0
192.168.50.6,58748,22,90909,84,22,7636363,0
192.168.50.6,63090,38,52631,73,38,3842105,0
192.168.50.8,59662,6005435,1,61,857919,81,0
192.168.50.8,59678,15,133333,66,15,8800000,0
192.168.50.6,54901,11,181818,66,11,12000000,0
172.16.0.5,41077,1374624617,0,60,668923312,2,0
192.168.50.6,51724,16,125000,84,16,10500000,0
192.168.50.6,65396,13,153846,74,13,11384615,0
192.168.50.9,48006,853801,70,146,14471,10285,0
192.168.50.6,54948,20,100000,66,20,6600000,0
192.168.50.6,55037,884282,11,163,98253,1847,1
192.168.50.6,50781,19688,203,89,6562,18082,0
192.168.50.6,60135,19225,208,74,6408,15396,0
192.168.50.8,63822,22,90909,86,22,7818181,0
192.168.50.8,59647,115371607,0,86,1538288,57,0
192.168.50.6,59990,19460,205,81,6486,16649,0
192.168.50.9,34664,5562582,3,134,292767,482,0
192.168.50.8,63990,22,90909,86,22,7818181,0
192.168.50.6,56385,787715900,0,77,87523988,0,0
192.168.50.6,63785,22,90909,74,22,6727272,0
192.168.50.8,62481,31,64516,85,31,5483870,0
192.168.50.8,51035,9,222222,73,9,16222222,0
192.168.50.8,59704,24206749,0,153,1423926,114,0
192.168.50.8,50837,14,142857,77,14,11000000,0
192.168.50.6,54979,115862529,0,159,2825915,57,0
192.168.50.6,62236,24782,161,73,8260,11782,0
192.168.50.8,62189,16,125000,77,16,9625000,0
192.168.50.6,61117,12,166666,84,12,14000000,0
192.168.50.8,49985,20,100000,92,20,9200000,0
192.168.50.8,61615,12,166666,92,12,15333333,0
192.168.50.6,64539,21,95238,81,21,7714285,0
52.85.89.77,443,5536566,13,593,77979,7711,0
192.168.50.8,51928,9,222222,85,9,18888888,0
192.168.50.6,55346,15,133333,80,15,10666666,0
192.168.50.6,52904,16,125000,73,16,9125000,0
192.168.50.6,60363,20,100000,67,20,6700000,0
192.168.50.8,65306,35,57142,92,35,5257142,0
192.168.50.9,59608,60493045,0,131,2085967,65,0
192.168.50.8,51220,231828499,0,78,1873818626,2,0
172.16.0.5,41263,128777,31,60,42925,1863,1
192.168.50.6,54873,11,181818,66,11,12000000,0
192.168.50.6,54862,116438704,0,105,3146992,34,0
192.168.50.6,62528,15,133333,85,15,11333333,0
192.168.50.8,59663,6003154,1,61,857593,81,0
192.168.50.8,52025,22,90909,95,22,8636363,0
192.168.50.8,59809,222386,80,281,13081,22771,0
192.168.50.8,62859,11,181818,85,11,15454545,0
192.168.50.8,59771,170529510,0,116,5167560,23,0
192.168.50.6,55110,115425148,0,86,3497731,25,0
192.168.50.9,60176,170898882,0,134,4168265,33,0
192.168.50.8,65512,28,71428,84,28,6000000,0
192.168.50.6,56876,15,133333,77,15,10266666,0
192.168.50.6,53048,35,57142,87,35,4971428,0
192.168.50.6,61324,21125,189,85,7041,16094,0
192.168.50.8,53808,17,117647,88,17,10352941,0
192.168.50.8,52983,404578531,0,86,134859510,0,0
192.168.50.6,49475,14,142857,85,14,12142857,0
192.168.50.9,55020,178350,145,132,7134,19310,0
192.168.50.6,55480,19417,206,94,6472,19364,0
192.168.50.9,46886,63871032,0,74,4913156,16,0
192.168.50.8,55833,21,95238,85,21,8095238,0
192.168.50.8,58074,792925053,0,83,1953975277,0,0
192.168.50.6,61769,22,90909,85,22,7727272,0
192.168.50.8,59819,9015759,0,64,1803151,43,0
192.168.50.6,53140,34,58823,87,34,5117647,0
192.168.50.6,54898,18,111111,66,18,7333333,0
192.168.50.8,60425,16,125000,79,16,9875000,0
192.168.50.6,56470,10,200000,86,10,17200000,0
192.168.50.8,63860,9,222222,87,9,19333333,0
192.168.50.6,59413,20341,196,75,6780,14748,0
192.168.50.6,55016,170560232,0,119,5501942,22,0
192.168.50.8,61131,15,133333,85,15,11333333,0
192.168.50.6,63066,18322,218,86,6107,18775,0
192.168.50.6,59889,21,95238,75,21,7142857,0
192.168.50.6,51640,17740,225,85,5913,19165,0
192.168.50.6,55032,151177653,0,595,1989179,303,0
192.168.50.6,62000,17,117647,67,17,7882352,0
192.168.50.8,54145,10,200000,78,10,15600000,0
192.168.50.6,53477,15,133333,74,15,9866666,0
192.168.50.8,49641,9,222222,74,9,16444444,0
192.168.50.6,137,1206038302,0,92,2142554614,14,0
192.168.50.6,63058,24793,161,77,8264,12422,0
192.168.50.6,62514,12,166666,74,12,12333333,0
172.217.1.162,443,171352448,1,789,580855,1363,0
192.168.50.6,54976,144523,124,150,8501,18779,0
192.168.50.8,61859,22,90909,84,22,7636363,0
192.168.50.6,51991,39,51282,83,39,4256410,0
192.168.50.6,54943,5354289,1,61,764898,91,0
192.168.50.8,54600,15,133333,80,15,10666666,0
192.168.50.6,63871,17,117647,74,17,8705882,0
192.168.50.8,59757,170780663,0,200,2996151,67,0
192.168.50.6,61005,21,95238,87,21,8285714,0
192.168.50.6,52306,16,125000,74,16,9250000,0
172.16.0.5,45814,124029,32,60,41343,1935,1
192.168.50.6,55134,24,83333,66,24,5500000,0
192.168.50.8,55801,21,95238,67,21,6380952,0
192.168.50.6,54946,5352824,1,61,764689,91,0
192.168.50.9,42207,1593971497,1,78,3823803360,125,0
192.168.50.8,60944,15,133333,87,15,11600000,0
192.168.50.8,59610,171389706,0,119,1328602,90,0
192.168.50.6,57525,22,90909,92,22,8363636,0
192.168.50.6,62976,417999,14,64,83599,918,0
192.168.50.8,59698,24972378,0,165,1664825,106,0
192.168.50.6,63366,16,125000,73,16,9125000,0
172.16.0.5,52309,18,111111,60,18,6666666,1
192.168.50.6,62796,32,62500,77,32,4812500,0
192.168.50.6,64742,22,90909,87,22,7909090,0
192.168.50.8,55642,12,166666,85,12,14166666,0
192.168.50.8,62834,14,142857,79,14,11285714,0
192.168.50.6,60615,16004,249,80,5334,19995,0
192.168.50.6,54656,14,142857,83,14,11857142,0
192.168.50.8,59812,24936086,1,580,712459,837,0
192.168.50.8,50995,24,83333,85,24,7083333,0
192.168.50.8,53399,12,166666,82,12,13666666,0
192.168.50.8,64710,18,111111,89,18,9888888,0
192.168.50.6,55138,5702220,1,61,814602,86,0
192.168.50.6,55143,148423,94,348,11417,32825,0
192.168.50.8,59852,116799685,0,129,5078247,26,0
192.168.50.8,54056,21,95238,86,21,8190476,0
192.168.50.8,51821,16,125000,89,16,11125000,0
192.168.50.8,56702,10,200000,77,10,15400000,0
192.168.50.6,50184,36,55555,87,36,4833333,0
192.168.50.8,57018,10,200000,76,10,15200000,0
192.168.50.8,50482,21,95238,95,21,9047619,0
192.168.50.8,57493,9,222222,87,9,19333333,0
192.168.50.8,50205,9,222222,86,9,19111111,0
192.168.50.6,60667,14,142857,74,14,10571428,0
192.168.50.6,55021,117608755,0,122,3178615,39,0
192.168.50.6,63680,22,90909,74,22,6727272,0
192.168.50.6,56722,18,111111,74,18,8222222,0
23.194.140.15,443,40167914,0,455,1085619,431,0
192.168.50.6,55075,17,117647,66,17,7764705,0
192.168.50.6,51543,19065,209,82,6355,17204,0
192.168.50.8,64835,21,95238,76,21,7238095,0
192.168.50.8,64554,14,142857,84,14,12000000,0
172.16.0.5,29011,41,48780,60,41,2926829,1
192.168.50.8,57097,22,90909,73,22,6636363,0
192.168.50.8,52323,16,125000,82,16,10250000,0
192.168.50.8,63531,21,95238,76,21,7238095,0
192.168.50.6,54646,19360,206,80,6453,16528,0
172.16.0.5,517,24,83333,60,24,5000000,1
192.168.50.6,60894,11,181818,81,11,14727272,0
54.231.40.58,80,23699761,2,856,376186,2312,0
192.168.50.6,54815,175999899,0,84,3744678,23,0
192.168.50.8,52162,15,133333,93,15,12400000,0
192.168.50.6,56725,13,153846,87,13,13384615,0
192.168.50.6,63336,19344,206,73,6448,15095,0
192.168.50.6,58690,37,54054,76,37,4108108,0
192.168.50.8,59604,129852,154,145,6834,22333,0
192.168.50.6,58222,14,142857,88,14,12571428,0
192.168.50.8,59824,5409890,1,66,601098,122,0
192.168.50.6,63305,51,39215,80,51,3137254,0
192.168.50.6,61670,18801,212,67,6267,14254,0
172.16.0.5,31151,12666263,2,164,469120,364,0
192.168.50.8,52762,15,133333,76,15,10133333,0
52.39.131.77,443,1843853509,0,379,1258679327,8,0
192.168.50.8,63119,16,125000,85,16,10625000,0
172.16.0.5,59346,206774,29,68,41354,1992,0
52.85.90.206,443,1836619340,0,1260,2691574327,685,0
192.168.50.8,59836,118315605,1,278,994248,282,0
192.168.50.8,55646,15,133333,81,15,10800000,0
192.168.50.6,53852,29,68965,75,29,5172413,0
192.168.50.6,61988,11,181818,77,11,14000000,0
192.168.50.8,51376,20,100000,85,20,8500000,0
192.168.50.8,59646,170465328,0,156,2157788,73,0
192.168.50.6,54994,170150215,0,115,5488716,21,0
192.168.50.6,54595,13,153846,67,13,10307692,0
69.172.216.111,443,978030031,0,308,2346761699,46,0
104.88.65.95,443,136842,1622,1445,619,2345632,0
192.168.50.6,63656,11,181818,85,11,15454545,0
192.168.50.6,59835,22,90909,73,22,6636363,0
192.168.50.8,59783,171943212,0,117,3820960,31,0
172.16.0.5,32814,60,33333,590,60,19666666,1
192.168.50.8,59821,401746,24,137,44638,3410,0
192.168.50.6,61026,37,54054,75,37,4054054,0
192.168.50.6,55486,16,125000,83,16,10375000,0
192.168.50.6,50804,19529,204,87,6509,17819,0
172.16.0.5,43174,33,60606,60,33,3636363,1
192.168.50.8,59605,171110639,0,121,5519698,22,0
192.168.50.8,62421,19,105263,87,19,9157894,0
192.168.50.6,63468,20328,196,84,6776,16528,0
192.168.50.8,59651,88680,180,321,5912,57983,0
192.168.50.8,59806,171279430,0,113,4629173,25,0
192.168.50.6,56900,18497,216,87,6165,18813,0
54.187.144.104,443,60580110,0,296,2243707,136,0
192.168.50.6,60718,18,111111,80,18,8888888,0
192.168.50.2,5353,0,0,0,0,0,1
192.168.50.8,54491,12,166666,82,12,13666666,0
192.168.50.8,49946,23,86956,71,23,6173913,0
192.168.50.8,59679,171089925,0,126,5899652,22,0
192.168.50.6,54853,172698610,1,237,834292,286,0
192.168.50.6,54849,170867692,0,120,3973667,31,0
192.168.50.6,55005,170302433,0,119,5493626,22,0
192.168.50.6,65112,17,117647,74,17,8705882,0
192.168.50.6,55116,1627311,11,140,95724,1551,0
192.168.50.6,60752,40,100000,85,13,8500000,0
172.16.0.5,25693,23,86956,60,23,5217391,1
203.82.26.7,443,1894225,144,1280,6938,185152,1
192.168.50.6,54904,21,95238,66,21,6285714,0
192.168.50.8,65123,15,133333,87,15,11600000,0
192.168.50.8,59797,23,86956,66,23,5739130,0
192.168.50.8,63186,9,222222,85,9,18888888,0
172.217.12.130,443,314909542,0,316,4313829,74,0
192.168.50.6,62013,19,105263,90,19,9473684,0
192.168.50.8,60353,21,95238,84,21,8000000,0
192.168.50.4,51524,59122526,2,83,444530,189,0
192.168.50.6,58627,19539,204,80,6513,16377,0
192.168.50.6,52530,11,181818,85,11,15454545,0
192.168.50.6,64625,22,90909,80,22,7272727,0
192.168.50.6,64562,18146,220,87,6048,19177,0
192.168.50.8,59731,118170606,0,135,2626013,52,0
192.168.50.8,55575,15,133333,83,15,11066666,0
192.168.50.6,54044,16122,248,83,5374,20592,0
192.168.50.6,54844,5802425,1,61,828917,84,0
192.168.50.8,59788,128839,155,145,6781,22508,0
192.168.50.6,53095,21,95238,87,21,8285714,0
192.168.50.6,51052,15,133333,74,15,9866666,0
172.16.0.5,11978,41,48780,74,41,3609756,0
192.168.50.6,65408,8,250000,92,8,23000000,0
192.168.50.6,49310,32,62500,80,32,5000000,0
104.27.180.86,80,5303917,0,63,1767972,47,0
192.168.50.8,55335,40,50000,87,40,4350000,0
192.168.50.6,53779,22,90909,67,22,6090909,0
93.184.216.180,443,446,13452,74,89,995515,0
192.168.50.8,51689,15,133333,73,15,9733333,0
192.168.50.8,59617,9015624,0,64,1803124,43,0
172.217.12.193,443,181735022,0,313,2489520,127,0
192.168.50.6,55557,6,333333,76,6,25333333,0
192.168.50.8,59657,474546,33,156,31636,5259,0
192.168.50.6,55669,18358,217,71,6119,15470,0
192.168.50.8,59777,115364679,0,113,2813772,41,0
192.168.50.8,51249,36,55555,80,36,4444444,0
192.168.50.6,57239,20165,198,73,6721,14480,0
192.168.50.9,55026,348474,74,132,13938,9848,0
192.168.50.8,59833,81342266,0,154,1660046,95,0
192.168.50.6,54910,5441144,1,61,777306,90,0
192.168.50.8,54472,121,16528,83,121,1371900,0
192.168.50.8,52624,16,125000,72,16,9000000,0
192.168.50.8,62370,21,95238,82,21,7809523,0
192.168.50.6,55043,5296136,1,61,756590,92,0
192.0.73.2,80,1336537732,0,233,2132739176,9,0
192.168.50.6,54978,115875887,0,85,3511390,25,0
192.168.50.6,54981,1601841,23,129,43293,3060,0
192.168.50.6,55120,5423064,1,61,774723,90,0
192.168.50.6,55030,151222026,0,128,6048881,22,0
192.168.50.6,56778,25,80000,85,25,6800000,0
192.168.50.8,51556,32,62500,133,32,8312500,0
