Key,LeftIdx,RightIdx,Feature,SplitValue,Size,IsLeaf
1,2,64,4,351,61,0
2,3,62,1,32659063,51,0
3,4,43,0,26393110,36,0
4,5,26,2,77400,26,0
5,6,21,4,54,15,0
6,7,14,1,103,12,0
7,8,11,0,8425771,6,0
8,9,10,0,7213080,4,0
9,-1,-1,0,0,1,1
10,-1,-1,4,0,3,1
11,12,13,3,1802095,2,0
12,-1,-1,0,0,1,1
13,-1,-1,0,0,1,1
14,15,18,2,28,6,0
15,16,17,3,83646,2,0
16,-1,-1,0,0,1,1
17,-1,-1,0,0,1,1
18,19,20,1,225,4,0
19,-1,-1,4,7,2,1
20,-1,-1,4,7,2,1
21,22,25,1,38502,3,0
22,23,24,1,4488,2,0
23,-1,-1,0,0,1,1
24,-1,-1,0,0,1,1
25,-1,-1,0,0,1,1
26,27,36,4,10,11,0
27,28,31,3,15,6,0
28,29,30,1,2664052,3,0
29,-1,-1,0,0,1,1
30,-1,-1,0,1,2,1
31,32,35,3,85,3,0
32,33,34,1,1271570,2,0
33,-1,-1,0,0,1,1
34,-1,-1,0,0,1,1
35,-1,-1,0,0,1,1
36,37,38,0,315,5,0
37,-1,-1,0,0,1,1
38,39,42,1,17631492,4,0
39,40,41,1,7087727,3,0
40,-1,-1,0,628,2,1
41,-1,-1,0,0,1,1
42,-1,-1,0,0,1,1
43,44,47,3,1822327,10,0
44,45,46,4,169,2,0
45,-1,-1,0,0,1,1
46,-1,-1,0,0,1,1
47,48,61,4,212,8,0
48,49,56,2,628241,7,0
49,50,55,1,87,4,0
50,51,54,1,45,3,0
51,52,53,0,117723536,2,0
52,-1,-1,0,0,1,1
53,-1,-1,0,0,1,1
54,-1,-1,0,0,1,1
55,-1,-1,0,0,1,1
56,57,60,2,2553503,3,0
57,58,59,1,30649486,2,0
58,-1,-1,0,0,1,1
59,-1,-1,0,0,1,1
60,-1,-1,0,0,1,1
61,-1,-1,0,0,1,1
62,63,64,2,4580982,15,0
63,64,64,3,2620558,14,0
64,1,64,1,383622876,64,0
65,2,47,1,24069190,63,0
66,3,40,2,1700009,46,0
67,4,39,4,2357,42,0
68,5,26,0,112085948,41,0
69,6,21,2,487194,31,0
70,7,18,1,60430,28,0
71,8,15,3,1515522,25,0
72,9,12,3,256385,18,0
73,10,11,3,150758,7,0
74,-1,-1,0,0,5,1
75,-1,-1,0,0,2,1
76,13,14,3,937323,11,0
77,-1,-1,0,0,7,1
78,-1,-1,0,0,4,1
79,16,17,3,1799325,7,0
80,-1,-1,0,0,1,1
81,-1,-1,2,0,6,1
82,19,20,2,15253,3,0
83,-1,-1,0,346,2,1
84,-1,-1,0,0,1,1
85,22,25,2,857200,3,0
86,23,24,1,690574,2,0
87,-1,-1,0,0,1,1
88,-1,-1,0,0,1,1
89,-1,-1,0,0,1,1
90,27,38,4,263,10,0
91,28,37,2,10116,9,0
92,29,36,0,149517122,8,0
93,30,33,1,347,7,0
94,31,32,1,274,4,0
95,-1,-1,0,0,3,1
96,-1,-1,0,0,1,1
97,34,35,4,92,3,0
98,-1,-1,0,0,1,1
99,-1,-1,0,0,2,1
100,-1,-1,0,0,1,1
101,-1,-1,0,0,1,1
102,-1,-1,0,0,1,1
103,-1,-1,0,0,1,1
104,41,42,1,12289531,4,0
105,-1,-1,0,0,1,1
106,43,44,2,2404872,3,0
107,-1,-1,0,0,1,1
108,45,46,4,13,2,0
109,-1,-1,0,0,1,1
110,-1,-1,0,0,1,1
111,48,64,4,200,17,0
112,49,62,3,4012420,9,0
113,50,57,2,2782194,7,0
114,51,54,2,2463853,4,0
115,52,53,3,2140794,2,0
116,-1,-1,0,0,1,1
117,-1,-1,0,0,1,1
118,55,56,1,41198085,2,0
119,-1,-1,0,0,1,1
120,-1,-1,0,0,1,1
121,58,59,2,11192314,3,0
122,-1,-1,0,0,1,1
123,60,61,4,56,2,0
124,-1,-1,0,0,1,1
125,-1,-1,0,0,1,1
126,63,64,3,6570358,2,0
127,-1,-1,0,0,1,1
128,1,64,4,935,64,0
129,2,64,1,268774123,63,0
130,3,48,2,1396275,62,0
131,4,43,1,61030,41,0
132,5,34,1,27198,38,0
133,6,19,3,833336,33,0
134,7,14,0,5359523,11,0
135,8,13,0,1902861,6,0
136,9,12,0,1294956,5,0
137,10,11,2,801748,4,0
138,-1,-1,0,0,3,1
139,-1,-1,0,0,1,1
140,-1,-1,0,0,1,1
141,-1,-1,0,0,1,1
142,15,16,3,312649,5,0
143,-1,-1,0,0,1,1
144,17,18,3,671315,4,0
145,-1,-1,0,0,1,1
146,-1,-1,1,0,3,1
147,20,33,1,1427,22,0
148,21,28,0,20653412,21,0
149,22,25,3,949067,12,0
150,23,24,2,41,5,0
151,-1,-1,0,0,3,1
152,-1,-1,0,0,2,1
153,26,27,4,4,7,0
154,-1,-1,0,0,4,1
155,-1,-1,0,0,3,1
156,29,32,4,169,9,0
157,30,31,3,1980936,5,0
158,-1,-1,0,0,3,1
159,-1,-1,0,0,2,1
160,-1,-1,2,0,4,1
161,-1,-1,0,0,1,1
162,35,42,2,588,5,0
163,36,39,3,24379,4,0
164,37,38,3,12364,2,0
165,-1,-1,0,0,1,1
166,-1,-1,0,0,1,1
167,40,41,2,125,2,0
168,-1,-1,0,0,1,1
169,-1,-1,0,0,1,1
170,-1,-1,0,0,1,1
171,44,47,4,467,3,0
172,45,46,2,8648,2,0
173,-1,-1,0,0,1,1
174,-1,-1,0,0,1,1
175,-1,-1,0,0,1,1
176,49,62,1,36368368,21,0
177,50,61,0,3117509,9,0
178,51,56,4,8,7,0
179,52,53,1,9641772,4,0
180,-1,-1,3,52,2,1
181,54,55,0,6,2,0
182,-1,-1,0,0,1,1
183,-1,-1,0,0,1,1
184,57,60,2,4003210,3,0
185,58,59,1,17909095,2,0
186,-1,-1,0,0,1,1
187,-1,-1,0,0,1,1
188,-1,-1,0,0,1,1
189,-1,-1,0,5369468,2,1
190,63,64,2,2275344,12,0
191,64,64,3,1630420,5,0
192,1,54,0,57002032,64,0
193,2,35,4,327,42,0
194,3,30,1,24932736,32,0
195,4,29,3,1359786,29,0
196,5,28,4,288,28,0
197,6,23,2,1153714,27,0
198,7,16,3,35295,24,0
199,8,13,1,1704488,12,0
200,9,12,0,6773,9,0
201,10,11,4,31,8,0
202,-1,-1,0,0,7,1
203,-1,-1,0,0,1,1
204,-1,-1,0,0,1,1
205,14,15,4,54,3,0
206,-1,-1,0,0,1,1
207,-1,-1,0,234515,2,1
208,17,22,2,122,12,0
209,18,21,4,87,11,0
210,19,20,0,4184235,10,0
211,-1,-1,0,0,3,1
212,-1,-1,0,0,7,1
213,-1,-1,0,0,1,1
214,-1,-1,0,0,1,1
215,24,27,3,415531,3,0
216,25,26,4,8,2,0
217,-1,-1,0,0,1,1
218,-1,-1,0,0,1,1
219,-1,-1,0,0,1,1
220,-1,-1,0,0,1,1
221,-1,-1,0,0,1,1
222,31,32,2,8901399,3,0
223,-1,-1,0,0,1,1
224,33,34,3,16010,2,0
225,-1,-1,0,0,1,1
226,-1,-1,0,0,1,1
227,36,47,3,101094,10,0
228,37,42,2,1792158,6,0
229,38,41,2,13228,3,0
230,39,40,4,367,2,0
231,-1,-1,0,0,1,1
232,-1,-1,0,0,1,1
233,-1,-1,0,0,1,1
234,43,46,4,355,3,0
235,44,45,3,15597,2,0
236,-1,-1,0,0,1,1
237,-1,-1,0,0,1,1
238,-1,-1,0,0,1,1
239,48,51,2,985733,4,0
240,49,50,0,5206932,2,0
241,-1,-1,0,0,1,1
242,-1,-1,0,0,1,1
243,52,53,4,556,2,0
244,-1,-1,0,0,1,1
245,-1,-1,0,0,1,1
246,55,64,2,2339142,22,0
247,56,64,1,28182859,15,0
248,57,64,1,14753232,11,0
249,58,59,1,156,10,0
250,-1,-1,2,0,6,1
251,60,64,4,167,4,0
252,61,64,2,64,3,0
253,62,63,1,332,2,0
254,-1,-1,0,0,1,1
255,-1,-1,0,0,1,1
256,1,64,3,43845777,64,0
257,2,63,3,1427999,63,0
258,3,52,0,22337563,46,0
259,4,37,1,8707937,40,0
260,5,34,2,703354,32,0
261,6,23,3,513533,30,0
262,7,16,1,244350,22,0
263,8,15,4,684,18,0
264,9,12,1,20001,17,0
265,10,11,4,340,13,0
266,-1,-1,0,0,11,1
267,-1,-1,0,0,2,1
268,13,14,3,8759,4,0
269,-1,-1,0,0,3,1
270,-1,-1,0,0,1,1
271,-1,-1,0,0,1,1
272,17,22,2,121705,4,0
273,18,21,1,411081,3,0
274,19,20,2,4092,2,0
275,-1,-1,0,0,1,1
276,-1,-1,0,0,1,1
277,-1,-1,0,0,1,1
278,-1,-1,0,0,1,1
279,24,33,3,919716,8,0
280,25,30,4,27,6,0
281,26,27,0,5985325,4,0
282,-1,-1,0,0,1,1
283,28,29,0,7199615,3,0
284,-1,-1,0,0,2,1
285,-1,-1,0,0,1,1
286,31,32,2,5,2,0
287,-1,-1,0,0,1,1
288,-1,-1,0,0,1,1
289,-1,-1,4,7,2,1
290,35,36,2,1627573,2,0
291,-1,-1,0,0,1,1
292,-1,-1,0,0,1,1
293,38,51,3,149473,8,0
294,39,44,0,104939,7,0
295,40,43,4,30,3,0
296,41,42,3,80,2,0
297,-1,-1,0,0,1,1
298,-1,-1,0,0,1,1
299,-1,-1,0,0,1,1
300,45,46,2,3350689,4,0
301,-1,-1,0,0,1,1
302,47,50,3,9867,3,0
303,48,49,3,5600,2,0
304,-1,-1,0,0,1,1
305,-1,-1,0,0,1,1
306,-1,-1,0,0,1,1
307,-1,-1,0,0,1,1
308,53,54,0,115102615,6,0
309,-1,-1,0,0,1,1
310,55,60,3,719291,5,0
311,56,57,3,518024,3,0
312,-1,-1,0,0,1,1
313,58,59,0,117110432,2,0
314,-1,-1,0,0,1,1
315,-1,-1,0,0,1,1
316,61,62,2,2942236,2,0
317,-1,-1,0,0,1,1
318,-1,-1,0,0,1,1
319,64,64,2,606785,17,0
320,1,64,4,284,64,0
321,2,33,0,106058333,51,0
322,3,32,1,54178343,27,0
323,4,29,4,148,26,0
324,5,22,0,3360708,24,0
325,6,19,3,62759,12,0
326,7,10,1,641753,10,0
327,8,9,0,50584,2,0
328,-1,-1,0,0,1,1
329,-1,-1,0,0,1,1
330,11,16,2,1370431,8,0
331,12,13,4,5,6,0
332,-1,-1,4,3,3,1
333,14,15,2,937234,3,0
334,-1,-1,0,0,2,1
335,-1,-1,0,0,1,1
336,17,18,3,3119,2,0
337,-1,-1,0,0,1,1
338,-1,-1,0,0,1,1
339,20,21,1,1037,2,0
340,-1,-1,0,0,1,1
341,-1,-1,0,0,1,1
342,23,26,2,36,12,0
343,24,25,2,21,9,0
344,-1,-1,1,0,8,1
345,-1,-1,0,0,1,1
346,27,28,3,2028442,3,0
347,-1,-1,4,7,2,1
348,-1,-1,0,0,1,1
349,30,31,1,7848,2,0
350,-1,-1,0,0,1,1
351,-1,-1,0,0,1,1
352,-1,-1,0,0,1,1
353,34,64,0,117513049,24,0
354,35,56,2,1990291,20,0
355,36,55,2,999819,11,0
356,37,44,1,205,10,0
357,38,39,0,114347706,4,0
358,-1,-1,0,0,1,1
359,40,41,0,116895561,3,0
360,-1,-1,0,0,1,1
361,42,43,3,2544082,2,0
362,-1,-1,0,0,1,1
363,-1,-1,0,0,1,1
364,45,50,3,1995800,6,0
365,46,47,4,113,3,0
366,-1,-1,0,0,1,1
367,48,49,2,55,2,0
368,-1,-1,0,0,1,1
369,-1,-1,0,0,1,1
370,51,52,3,2007247,3,0
371,-1,-1,0,0,1,1
372,53,54,1,318,2,0
373,-1,-1,0,0,1,1
374,-1,-1,0,0,1,1
375,-1,-1,0,0,1,1
376,57,58,3,1443207,9,0
377,-1,-1,0,0,1,1
378,59,60,0,116986256,8,0
379,-1,-1,0,0,1,1
380,61,64,4,226,7,0
381,62,63,4,130,6,0
382,-1,-1,0,0,1,1
383,64,64,0,117200650,5,0
384,1,62,1,3231647,64,0
385,2,59,0,128007876,46,0
386,3,54,4,616,44,0
387,4,43,0,66507690,41,0
388,5,22,0,3114577,35,0
389,6,21,4,334,15,0
390,7,20,2,2280091,14,0
391,8,13,3,19825,13,0
392,9,12,0,29004,8,0
393,10,11,1,597606,7,0
394,-1,-1,0,0,5,1
395,-1,-1,0,0,2,1
396,-1,-1,0,0,1,1
397,14,17,2,89,5,0
398,15,16,0,479769,3,0
399,-1,-1,0,0,2,1
400,-1,-1,0,0,1,1
401,18,19,2,106,2,0
402,-1,-1,0,0,1,1
403,-1,-1,0,0,1,1
404,-1,-1,0,0,1,1
405,-1,-1,0,0,1,1
406,23,32,4,148,20,0
407,24,31,0,9603353,14,0
408,25,26,4,6,13,0
409,-1,-1,2,0,10,1
410,27,28,0,5587417,3,0
411,-1,-1,0,0,1,1
412,29,30,3,982647,2,0
413,-1,-1,0,0,1,1
414,-1,-1,0,0,1,1
415,-1,-1,0,0,1,1
416,33,40,2,50,6,0
417,34,35,2,22,4,0
418,-1,-1,0,0,1,1
419,36,37,4,207,3,0
420,-1,-1,0,0,1,1
421,38,39,1,186,2,0
422,-1,-1,0,0,1,1
423,-1,-1,0,0,1,1
424,41,42,3,249990,2,0
425,-1,-1,0,0,1,1
426,-1,-1,0,0,1,1
427,44,47,0,115950356,6,0
428,45,46,3,1865430,2,0
429,-1,-1,0,0,1,1
430,-1,-1,0,0,1,1
431,48,49,3,465944,4,0
432,-1,-1,0,0,1,1
433,50,51,1,168,3,0
434,-1,-1,0,0,1,1
435,52,53,1,460,2,0
436,-1,-1,0,0,1,1
437,-1,-1,0,0,1,1
438,55,58,2,208,3,0
439,56,57,1,39229,2,0
440,-1,-1,0,0,1,1
441,-1,-1,0,0,1,1
442,-1,-1,0,0,1,1
443,60,61,3,4073215,2,0
444,-1,-1,0,0,1,1
445,-1,-1,0,0,1,1
446,63,64,4,402,18,0
447,64,64,1,27636370,17,0
448,1,38,0,33976435,64,0
449,2,27,3,576746,34,0
450,3,26,1,48252576,22,0
451,4,21,3,123215,21,0
452,5,20,4,1415,18,0
453,6,19,3,22279,17,0
454,7,18,1,32564364,16,0
455,8,13,4,282,15,0
456,9,12,0,191737,12,0
457,10,11,0,418,11,0
458,-1,-1,0,0,10,1
459,-1,-1,0,0,1,1
460,-1,-1,0,0,1,1
461,14,15,0,87254,3,0
462,-1,-1,0,0,1,1
463,16,17,3,14741,2,0
464,-1,-1,0,0,1,1
465,-1,-1,0,0,1,1
466,-1,-1,0,0,1,1
467,-1,-1,0,0,1,1
468,-1,-1,0,0,1,1
469,22,25,1,73582,3,0
470,23,24,0,5212662,2,0
471,-1,-1,0,0,1,1
472,-1,-1,0,0,1,1
473,-1,-1,0,0,1,1
474,-1,-1,0,0,1,1
475,28,33,3,1005726,12,0
476,29,32,4,40,5,0
477,30,31,0,6002406,4,0
478,-1,-1,0,0,1,1
479,-1,-1,4,0,3,1
480,-1,-1,0,0,1,1
481,34,35,1,736,7,0
482,-1,-1,4,0,5,1
483,36,37,0,30084331,2,0
484,-1,-1,0,0,1,1
485,-1,-1,0,0,1,1
486,39,64,2,2537326,30,0
487,40,63,4,302,26,0
488,41,62,0,151691825,20,0
489,42,57,2,1700994,19,0
490,43,44,0,99316544,11,0
491,-1,-1,0,0,1,1
492,45,56,0,117511061,10,0
493,46,51,3,1710176,9,0
494,47,48,3,1595568,3,0
495,-1,-1,0,0,1,1
496,49,50,4,131,2,0
497,-1,-1,0,0,1,1
498,-1,-1,0,0,1,1
499,52,53,0,116022088,6,0
500,-1,-1,2,49,2,1
501,54,55,1,566881,4,0
502,-1,-1,0,0,3,1
503,-1,-1,0,0,1,1
504,-1,-1,0,0,1,1
505,58,59,2,2001905,8,0
506,-1,-1,2,2000000,6,1
507,60,61,1,32004157,2,0
508,-1,-1,0,0,1,1
509,-1,-1,0,0,1,1
510,-1,-1,0,0,1,1
511,64,64,1,580170,6,0
512,1,64,0,25061779,64,0
513,2,64,2,11920670,39,0
514,3,58,0,8851872,37,0
515,4,45,0,1314061,32,0
516,5,30,2,1256150,23,0
517,6,27,3,111923,15,0
518,7,16,0,16286,13,0
519,8,11,2,411649,6,0
520,9,10,3,337,3,0
521,-1,-1,4,12,2,1
522,-1,-1,0,0,1,1
523,12,13,4,10,3,0
524,-1,-1,0,0,1,1
525,14,15,3,4,2,0
526,-1,-1,0,0,1,1
527,-1,-1,0,0,1,1
528,17,22,0,564125,7,0
529,18,21,2,22,4,0
530,19,20,2,2,3,0
531,-1,-1,0,0,2,1
532,-1,-1,0,0,1,1
533,-1,-1,0,0,1,1
534,23,24,3,62355,3,0
535,-1,-1,0,0,1,1
536,25,26,4,367,2,0
537,-1,-1,0,0,1,1
538,-1,-1,0,0,1,1
539,28,29,3,213472,2,0
540,-1,-1,0,0,1,1
541,-1,-1,0,0,1,1
542,31,32,1,28945290,8,0
543,-1,-1,0,0,1,1
544,33,36,1,33908689,7,0
545,34,35,2,2509377,2,0
546,-1,-1,0,0,1,1
547,-1,-1,0,0,1,1
548,37,42,3,13012,5,0
549,38,41,0,273822,3,0
550,39,40,1,37042507,2,0
551,-1,-1,0,0,1,1
552,-1,-1,0,0,1,1
553,-1,-1,0,0,1,1
554,43,44,3,15787,2,0
555,-1,-1,0,0,1,1
556,-1,-1,0,0,1,1
557,46,47,4,1,9,0
558,-1,-1,2,1,3,1
559,48,53,4,83,6,0
560,49,52,4,49,3,0
561,50,51,1,271,2,0
562,-1,-1,0,0,1,1
563,-1,-1,0,0,1,1
564,-1,-1,0,0,1,1
565,54,57,1,15231104,3,0
566,55,56,2,7,2,0
567,-1,-1,0,0,1,1
568,-1,-1,0,0,1,1
569,-1,-1,0,0,1,1
570,59,64,4,133,5,0
571,60,63,1,300,4,0
572,61,62,4,11,3,0
573,-1,-1,2,0,2,1
574,-1,-1,0,0,1,1
575,-1,-1,0,0,1,1
576,1,60,1,28423008,64,0
577,2,57,2,3333388,47,0
578,3,56,2,2157290,45,0
579,4,41,4,418,44,0
580,5,40,2,200805,36,0
581,6,31,0,101781105,35,0
582,7,16,3,459025,27,0
583,8,15,0,539200,9,0
584,9,12,0,110395,8,0
585,10,11,2,27410,6,0
586,-1,-1,0,0,5,1
587,-1,-1,0,0,1,1
588,13,14,3,35643,2,0
589,-1,-1,0,0,1,1
590,-1,-1,0,0,1,1
591,-1,-1,0,0,1,1
592,17,24,1,339,18,0
593,18,21,0,32984441,13,0
594,19,20,2,9,11,0
595,-1,-1,0,0,9,1
596,-1,-1,0,0,2,1
597,22,23,1,293,2,0
598,-1,-1,0,0,1,1
599,-1,-1,0,0,1,1
600,25,28,2,85,5,0
601,26,27,4,345,3,0
602,-1,-1,0,0,2,1
603,-1,-1,0,0,1,1
604,29,30,1,871,2,0
605,-1,-1,0,0,1,1
606,-1,-1,0,0,1,1
607,32,39,0,142643723,8,0
608,33,38,1,468837,7,0
609,34,37,1,1473,6,0
610,35,36,1,157,5,0
611,-1,-1,0,0,3,1
612,-1,-1,0,0,2,1
613,-1,-1,0,0,1,1
614,-1,-1,0,0,1,1
615,-1,-1,0,0,1,1
616,-1,-1,0,0,1,1
617,42,55,3,546315,8,0
618,43,50,3,149362,7,0
619,44,49,0,3819576,4,0
620,45,48,0,492663,3,0
621,46,47,3,64459,2,0
622,-1,-1,0,0,1,1
623,-1,-1,0,0,1,1
624,-1,-1,0,0,1,1
625,-1,-1,0,0,1,1
626,51,54,0,51572048,3,0
627,52,53,3,287024,2,0
628,-1,-1,0,0,1,1
629,-1,-1,0,0,1,1
630,-1,-1,0,0,1,1
631,-1,-1,0,0,1,1
632,-1,-1,0,0,1,1
633,58,59,2,3807262,2,0
634,-1,-1,0,0,1,1
635,-1,-1,0,0,1,1
636,61,64,2,5933645,17,0
637,62,64,0,52980011,16,0
638,63,64,0,1989872,4,0
639,64,64,4,282,3,0
640,1,58,3,798020,64,0
641,2,55,4,1303,34,0
642,3,42,4,397,32,0
643,4,41,0,32520834,25,0
644,5,34,0,6085968,24,0
645,6,27,2,2814932,20,0
646,7,14,4,41,16,0
647,8,13,0,112186,8,0
648,9,12,3,125,7,0
649,10,11,4,8,6,0
650,-1,-1,0,0,1,1
651,-1,-1,0,0,5,1
652,-1,-1,0,0,1,1
653,-1,-1,0,0,1,1
654,15,22,0,1271627,8,0
655,16,19,0,543984,5,0
656,17,18,1,2512,3,0
657,-1,-1,0,0,2,1
658,-1,-1,0,0,1,1
659,20,21,0,926856,2,0
660,-1,-1,0,0,1,1
661,-1,-1,0,0,1,1
662,23,26,1,50012985,3,0
663,24,25,2,2000033,2,0
664,-1,-1,0,0,1,1
665,-1,-1,0,0,1,1
666,-1,-1,0,0,1,1
667,28,31,1,27282482,4,0
668,29,30,3,8686,2,0
669,-1,-1,0,0,1,1
670,-1,-1,0,0,1,1
671,32,33,3,86,2,0
672,-1,-1,0,0,1,1
673,-1,-1,0,0,1,1
674,35,40,0,15662541,4,0
675,36,37,3,770680,3,0
676,-1,-1,0,0,1,1
677,38,39,3,794295,2,0
678,-1,-1,0,0,1,1
679,-1,-1,0,0,1,1
680,-1,-1,0,0,1,1
681,-1,-1,0,0,1,1
682,43,48,4,508,7,0
683,44,47,3,275937,3,0
684,45,46,0,2383662,2,0
685,-1,-1,0,0,1,1
686,-1,-1,0,0,1,1
687,-1,-1,0,0,1,1
688,49,54,0,58039247,4,0
689,50,53,2,292489,3,0
690,51,52,3,177134,2,0
691,-1,-1,0,0,1,1
692,-1,-1,0,0,1,1
693,-1,-1,0,0,1,1
694,-1,-1,0,0,1,1
695,56,57,4,1434,2,0
696,-1,-1,0,0,1,1
697,-1,-1,0,0,1,1
698,59,64,4,651,30,0
699,60,64,2,446185,29,0
700,61,64,4,221,22,0
701,62,64,1,341,18,0
702,63,64,1,49,16,0
703,-1,-1,2,0,9,1
704,1,64,0,196308038,64,0
705,2,64,4,836,63,0
706,3,34,0,98721073,60,0
707,4,33,2,8145258,36,0
708,5,22,0,11575702,35,0
709,6,17,3,847255,29,0
710,7,14,3,341798,26,0
711,8,13,3,168482,20,0
712,9,12,0,265019,19,0
713,10,11,1,147060964,17,0
714,-1,-1,0,0,16,1
715,-1,-1,0,0,1,1
716,-1,-1,1,314,2,1
717,-1,-1,0,0,1,1
718,15,16,3,770211,6,0
719,-1,-1,0,0,1,1
720,-1,-1,2,1,5,1
721,18,21,1,69,3,0
722,19,20,3,1802889,2,0
723,-1,-1,0,0,1,1
724,-1,-1,0,0,1,1
725,-1,-1,0,0,1,1
726,23,28,4,137,6,0
727,24,25,1,259,3,0
728,-1,-1,0,0,1,1
729,26,27,2,51,2,0
730,-1,-1,0,0,1,1
731,-1,-1,0,0,1,1
732,29,32,3,637072,3,0
733,30,31,0,37398975,2,0
734,-1,-1,0,0,1,1
735,-1,-1,0,0,1,1
736,-1,-1,0,0,1,1
737,-1,-1,0,0,1,1
738,35,48,2,826955,24,0
739,36,43,2,14,10,0
740,37,38,0,115307943,6,0
741,-1,-1,0,0,1,1
742,39,42,2,1,5,0
743,40,41,4,170,4,0
744,-1,-1,2,0,3,1
745,-1,-1,0,0,1,1
746,-1,-1,0,0,1,1
747,44,45,3,1600358,4,0
748,-1,-1,2,65,2,1
749,46,47,4,72,2,0
750,-1,-1,0,0,1,1
751,-1,-1,0,0,1,1
752,49,50,1,22232496,14,0
753,-1,-1,0,0,1,1
754,51,64,1,46471423,13,0
755,52,59,2,2372618,10,0
756,53,58,3,4215857,4,0
757,54,55,1,37121341,3,0
758,-1,-1,0,0,1,1
759,56,57,1,37342895,2,0
760,-1,-1,0,0,1,1
761,-1,-1,0,0,1,1
762,-1,-1,0,0,1,1
763,60,63,4,109,6,0
764,61,62,3,3019855,2,0
765,-1,-1,0,0,1,1
766,-1,-1,0,0,1,1
767,64,64,1,43135049,4,0
768,1,60,2,4199584,64,0
769,2,57,0,160188017,59,0
770,3,40,0,51450328,57,0
771,4,37,2,3285009,38,0
772,5,36,4,912,36,0
773,6,21,0,1105544,35,0
774,7,8,0,67886,18,0
775,-1,-1,2,6184,2,1
776,9,16,4,362,16,0
777,10,13,0,537110,13,0
778,11,12,4,261,11,0
779,-1,-1,0,0,4,1
780,-1,-1,0,0,7,1
781,14,15,1,1296,2,0
782,-1,-1,0,0,1,1
783,-1,-1,0,0,1,1
784,17,20,4,456,3,0
785,18,19,1,140339,2,0
786,-1,-1,0,0,1,1
787,-1,-1,0,0,1,1
788,-1,-1,0,0,1,1
789,22,35,1,34926854,17,0
790,23,30,4,214,15,0
791,24,27,4,4,12,0
792,25,26,3,1379084,8,0
793,-1,-1,0,0,6,1
794,-1,-1,0,0,2,1
795,28,29,1,235,4,0
796,-1,-1,0,0,3,1
797,-1,-1,0,0,1,1
798,31,34,0,8233930,3,0
799,32,33,2,1110946,2,0
800,-1,-1,0,0,1,1
801,-1,-1,0,0,1,1
802,-1,-1,0,0,1,1
803,-1,-1,2,2000004,2,1
804,-1,-1,0,0,1,1
805,38,39,1,34752184,2,0
806,-1,-1,0,0,1,1
807,-1,-1,0,0,1,1
808,41,56,1,64960810,19,0
809,42,55,4,274,18,0
810,43,54,0,120885657,17,0
811,44,45,0,72314533,16,0
812,-1,-1,0,0,1,1
813,46,47,0,108615513,15,0
814,-1,-1,0,0,1,1
815,48,51,4,242,14,0
816,49,50,0,117424795,12,0
817,-1,-1,0,0,7,1
818,-1,-1,0,0,5,1
819,52,53,3,1209069,2,0
820,-1,-1,0,0,1,1
821,-1,-1,0,0,1,1
822,-1,-1,0,0,1,1
823,-1,-1,0,0,1,1
824,-1,-1,0,0,1,1
825,58,59,2,176160,2,0
826,-1,-1,0,0,1,1
827,-1,-1,0,0,1,1
828,61,64,0,14053,5,0
829,62,64,1,4315691,4,0
830,63,64,3,20,2,0
831,-1,-1,0,0,1,1
832,1,64,2,2102359,64,0
833,2,64,3,49816331,49,0
834,3,48,4,207,48,0
835,4,27,0,26104298,33,0
836,5,22,3,375169,20,0
837,6,19,0,79166,14,0
838,7,16,0,20235,11,0
839,8,15,1,122146123,9,0
840,9,12,0,234,8,0
841,10,11,3,33,5,0
842,-1,-1,0,0,3,1
843,-1,-1,0,0,2,1
844,13,14,4,25,3,0
845,-1,-1,0,0,2,1
846,-1,-1,0,0,1,1
847,-1,-1,0,0,1,1
848,17,18,0,48960,2,0
849,-1,-1,0,0,1,1
850,-1,-1,0,0,1,1
851,20,21,0,400913,3,0
852,-1,-1,0,0,1,1
853,-1,-1,2,14,2,1
854,23,26,1,127,6,0
855,24,25,1,66,4,0
856,-1,-1,2,1,3,1
857,-1,-1,0,0,1,1
858,-1,-1,2,37,2,1
859,28,45,3,2093343,13,0
860,29,34,4,94,11,0
861,30,33,4,52,5,0
862,31,32,1,290,4,0
863,-1,-1,0,0,1,1
864,-1,-1,4,51,3,1
865,-1,-1,0,0,1,1
866,35,44,3,1598760,6,0
867,36,41,3,1331247,5,0
868,37,38,0,34865449,3,0
869,-1,-1,0,0,1,1
870,39,40,4,171,2,0
871,-1,-1,0,0,1,1
872,-1,-1,0,0,1,1
873,42,43,0,53749065,2,0
874,-1,-1,0,0,1,1
875,-1,-1,0,0,1,1
876,-1,-1,0,0,1,1
877,46,47,2,37,2,0
878,-1,-1,0,0,1,1
879,-1,-1,0,0,1,1
880,49,62,3,602502,15,0
881,50,57,0,3530853,7,0
882,51,52,0,42307,4,0
883,-1,-1,0,0,1,1
884,53,56,3,48978,3,0
885,54,55,1,23376084,2,0
886,-1,-1,0,0,1,1
887,-1,-1,0,0,1,1
888,-1,-1,0,0,1,1
889,58,59,3,113597,3,0
890,-1,-1,0,0,1,1
891,60,61,0,50453867,2,0
892,-1,-1,0,0,1,1
893,-1,-1,0,0,1,1
894,63,64,0,117872927,8,0
895,64,64,2,1991582,7,0
896,1,64,4,437,64,0
897,2,59,0,51910934,57,0
898,3,52,0,17691633,37,0
899,4,31,4,49,33,0
900,5,20,4,10,21,0
901,6,17,3,698427,15,0
902,7,12,4,2,7,0
903,8,11,2,467863,3,0
904,9,10,3,153134,2,0
905,-1,-1,0,0,1,1
906,-1,-1,0,0,1,1
907,-1,-1,0,0,1,1
908,13,14,4,4,4,0
909,-1,-1,0,0,1,1
910,15,16,1,69251,3,0
911,-1,-1,2,10869,2,1
912,-1,-1,0,0,1,1
913,18,19,1,126,8,0
914,-1,-1,1,0,4,1
915,-1,-1,4,7,4,1
916,21,30,1,14428432,6,0
917,22,29,3,22324,5,0
918,23,26,2,247145,4,0
919,24,25,4,25,2,0
920,-1,-1,0,0,1,1
921,-1,-1,0,0,1,1
922,27,28,1,665274,2,0
923,-1,-1,0,0,1,1
924,-1,-1,0,0,1,1
925,-1,-1,0,0,1,1
926,-1,-1,0,0,1,1
927,32,47,0,6045109,12,0
928,33,42,2,2187395,9,0
929,34,41,3,143748,6,0
930,35,36,4,226,5,0
931,-1,-1,0,0,1,1
932,37,40,3,12093,4,0
933,38,39,3,6163,3,0
934,-1,-1,0,0,2,1
935,-1,-1,0,0,1,1
936,-1,-1,0,0,1,1
937,-1,-1,0,0,1,1
938,43,44,3,4608,3,0
939,-1,-1,0,0,1,1
940,45,46,1,212925387,2,0
941,-1,-1,0,0,1,1
942,-1,-1,0,0,1,1
943,48,51,4,287,3,0
944,49,50,2,3,2,0
945,-1,-1,0,0,1,1
946,-1,-1,0,0,1,1
947,-1,-1,0,0,1,1
948,53,56,1,767,4,0
949,54,55,4,57,2,0
950,-1,-1,0,0,1,1
951,-1,-1,0,0,1,1
952,57,58,4,168,2,0
953,-1,-1,0,0,1,1
954,-1,-1,0,0,1,1
955,60,63,0,94599831,20,0
956,61,62,4,58,3,0
957,-1,-1,0,0,1,1
958,-1,-1,2,22,2,1
959,64,64,4,164,17,0
960,1,58,0,219968421,64,0
961,2,57,1,95368148,63,0
962,3,56,3,5043496,61,0
963,4,29,0,89374390,60,0
964,5,28,1,62074706,42,0
965,6,25,2,2795933,41,0
966,7,18,2,622380,39,0
967,8,13,1,229385,33,0
968,9,12,2,63679,29,0
969,10,11,0,3875947,28,0
970,-1,-1,0,0,3,1
971,-1,-1,0,0,25,1
972,-1,-1,0,0,1,1
973,14,15,1,274904,4,0
974,-1,-1,0,0,1,1
975,16,17,0,1341830,3,0
976,-1,-1,0,0,2,1
977,-1,-1,0,0,1,1
978,19,24,0,107282,6,0
979,20,23,3,1720,5,0
980,21,22,1,896208,4,0
981,-1,-1,0,0,3,1
982,-1,-1,0,0,1,1
983,-1,-1,0,0,1,1
984,-1,-1,0,0,1,1
985,26,27,2,3565802,2,0
986,-1,-1,0,0,1,1
987,-1,-1,0,0,1,1
988,-1,-1,0,0,1,1
989,30,55,4,505,18,0
990,31,38,0,114421247,17,0
991,32,33,0,100929442,5,0
992,-1,-1,0,0,1,1
993,34,35,3,2487870,4,0
994,-1,-1,0,0,1,1
995,36,37,1,16265377,3,0
996,-1,-1,1,0,2,1
997,-1,-1,0,0,1,1
998,39,52,3,3006560,12,0
999,40,47,2,2479714,10,0
1000,41,44,0,115729120,4,0
1001,42,43,2,55,2,0
1002,-1,-1,0,0,1,1
1003,-1,-1,0,0,1,1
1004,45,46,0,116109688,2,0
1005,-1,-1,0,0,1,1
1006,-1,-1,0,0,1,1
1007,48,51,0,118881584,6,0
1008,49,50,2,3661212,5,0
1009,-1,-1,0,0,3,1
1010,-1,-1,0,0,2,1
1011,-1,-1,0,0,1,1
1012,53,54,3,3621763,2,0
1013,-1,-1,0,0,1,1
1014,-1,-1,0,0,1,1
1015,-1,-1,0,0,1,1
1016,-1,-1,0,0,1,1
1017,-1,-1,4,141,2,1
1018,-1,-1,0,0,1,1
1019,-1,-1,0,0,0,1
1020,-1,-1,0,0,0,1
1021,-1,-1,0,0,0,1
1022,-1,-1,0,0,0,1
1023,-1,-1,0,0,0,1
1024,1,64,3,6057401,64,0
1025,2,51,0,39378303,60,0
1026,3,32,2,624394,33,0
1027,4,19,3,254024,23,0
1028,5,18,3,212152,9,0
1029,6,17,1,46953,8,0
1030,7,14,0,1784845,7,0
1031,8,13,4,418,5,0
1032,9,12,1,24741,4,0
1033,10,11,2,122,3,0
1034,-1,-1,0,0,2,1
1035,-1,-1,0,0,1,1
1036,-1,-1,0,0,1,1
1037,-1,-1,0,0,1,1
1038,15,16,2,4,2,0
1039,-1,-1,0,0,1,1
1040,-1,-1,0,0,1,1
1041,-1,-1,0,0,1,1
1042,-1,-1,0,0,1,1
1043,20,25,2,5,14,0
1044,21,22,3,620788,9,0
1045,-1,-1,0,0,1,1
1046,23,24,0,7693522,8,0
1047,-1,-1,2,1,5,1
1048,-1,-1,2,0,3,1
1049,26,31,4,615,5,0
1050,27,28,1,457,4,0
1051,-1,-1,4,7,2,1
1052,29,30,3,530841,2,0
1053,-1,-1,0,0,1,1
1054,-1,-1,0,0,1,1
1055,-1,-1,0,0,1,1
1056,33,50,3,391915,10,0
1057,34,49,3,17249,9,0
1058,35,48,1,734380327,8,0
1059,36,43,1,16158659,7,0
1060,37,40,2,810737,4,0
1061,38,39,1,10450889,2,0
1062,-1,-1,0,0,1,1
1063,-1,-1,0,0,1,1
1064,41,42,0,100,2,0
1065,-1,-1,0,0,1,1
1066,-1,-1,0,0,1,1
1067,44,47,3,4680,3,0
1068,45,46,4,328,2,0
1069,-1,-1,0,0,1,1
1070,-1,-1,0,0,1,1
1071,-1,-1,0,0,1,1
1072,-1,-1,0,0,1,1
1073,-1,-1,0,0,1,1
1074,-1,-1,0,0,1,1
1075,52,64,4,754,27,0
1076,53,64,2,2331375,26,0
1077,54,64,2,1596455,18,0
1078,55,64,4,513,14,0
1079,56,64,3,2027980,12,0
1080,57,64,4,320,9,0
1081,58,61,4,91,8,0
1082,59,60,2,93,4,0
1083,-1,-1,0,0,3,1
1084,-1,-1,0,0,1,1
1085,62,63,0,101018983,4,0
1086,-1,-1,0,0,1,1
1087,-1,-1,0,0,3,1
1088,1,28,4,30,64,0
1089,2,27,0,7285260,19,0
1090,3,26,1,10502060,15,0
1091,4,25,4,22,14,0
1092,5,20,3,198189,12,0
1093,6,13,4,8,8,0
1094,7,8,4,1,4,0
1095,-1,-1,0,0,1,1
1096,9,10,4,2,3,0
1097,-1,-1,0,0,1,1
1098,11,12,0,19,2,0
1099,-1,-1,0,0,1,1
1100,-1,-1,0,0,1,1
1101,14,19,3,1499,4,0
1102,15,18,2,717946,3,0
1103,16,17,4,16,2,0
1104,-1,-1,0,0,1,1
1105,-1,-1,0,0,1,1
1106,-1,-1,0,0,1,1
1107,-1,-1,0,0,1,1
1108,21,24,0,6774649,4,0
1109,22,23,1,566,3,0
1110,-1,-1,0,0,1,1
1111,-1,-1,0,5081511,2,1
1112,-1,-1,0,0,1,1
1113,-1,-1,4,22,2,1
1114,-1,-1,0,0,1,1
1115,-1,-1,4,0,4,1
1116,29,64,1,52699582,45,0
1117,30,63,2,555032,43,0
1118,31,62,4,1273,22,0
1119,32,61,2,14266,21,0
1120,33,44,0,20930428,20,0
1121,34,43,0,9887249,11,0
1122,35,40,4,478,10,0
1123,36,37,2,77,8,0
1124,-1,-1,0,0,1,1
1125,38,39,4,362,7,0
1126,-1,-1,0,0,6,1
1127,-1,-1,0,0,1,1
1128,41,42,4,566,2,0
1129,-1,-1,0,0,1,1
1130,-1,-1,0,0,1,1
1131,-1,-1,0,0,1,1
1132,45,58,3,2001706,9,0
1133,46,51,3,1466009,7,0
1134,47,48,4,255,3,0
1135,-1,-1,0,0,1,1
1136,49,50,1,278,2,0
1137,-1,-1,0,0,1,1
1138,-1,-1,0,0,1,1
1139,52,55,1,141,4,0
1140,53,54,1,46,2,0
1141,-1,-1,0,0,1,1
1142,-1,-1,0,0,1,1
1143,56,57,4,125,2,0
1144,-1,-1,0,0,1,1
1145,-1,-1,0,0,1,1
1146,59,60,3,5408353,2,0
1147,-1,-1,0,0,1,1
1148,-1,-1,0,0,1,1
1149,-1,-1,0,0,1,1
1150,-1,-1,0,0,1,1
1151,64,64,3,3766413,21,0
1152,1,64,1,39290889,64,0
1153,2,64,2,2820565,51,0
1154,3,58,4,279,48,0
1155,4,23,0,1191937,43,0
1156,5,18,1,10048335,11,0
1157,6,17,0,472374,8,0
1158,7,16,3,14840,7,0
1159,8,15,0,45270,6,0
1160,9,12,4,4,5,0
1161,10,11,0,11154,3,0
1162,-1,-1,0,0,2,1
1163,-1,-1,0,0,1,1
1164,13,14,0,355,2,0
1165,-1,-1,0,0,1,1
1166,-1,-1,0,0,1,1
1167,-1,-1,0,0,1,1
1168,-1,-1,0,0,1,1
1169,-1,-1,0,0,1,1
1170,19,22,0,601964,3,0
1171,20,21,4,27,2,0
1172,-1,-1,0,0,1,1
1173,-1,-1,0,0,1,1
1174,-1,-1,0,0,1,1
1175,24,35,0,47615201,32,0
1176,25,26,3,249936,17,0
1177,-1,-1,0,0,1,1
1178,27,28,4,7,16,0
1179,-1,-1,1,0,10,1
1180,29,32,2,51,6,0
1181,30,31,0,5379982,4,0
1182,-1,-1,0,0,1,1
1183,-1,-1,2,37,3,1
1184,33,34,4,98,2,0
1185,-1,-1,0,0,1,1
1186,-1,-1,0,0,1,1
1187,36,51,1,28365206,15,0
1188,37,46,4,170,11,0
1189,38,45,3,2174132,8,0
1190,39,42,3,1760843,7,0
1191,40,41,0,116612053,2,0
1192,-1,-1,0,0,1,1
1193,-1,-1,0,0,1,1
1194,43,44,4,62,5,0
1195,-1,-1,0,0,3,1
1196,-1,-1,0,0,2,1
1197,-1,-1,0,0,1,1
1198,47,50,4,191,3,0
1199,48,49,0,116211425,2,0
1200,-1,-1,0,0,1,1
1201,-1,-1,0,0,1,1
1202,-1,-1,0,0,1,1
1203,52,57,4,205,4,0
1204,53,56,0,117323802,3,0
1205,54,55,2,2005359,2,0
1206,-1,-1,0,0,1,1
1207,-1,-1,0,0,1,1
1208,-1,-1,0,0,1,1
1209,-1,-1,0,0,1,1
1210,59,62,4,321,5,0
1211,60,61,0,41694842,2,0
1212,-1,-1,0,0,1,1
1213,-1,-1,0,0,1,1
1214,63,64,0,3271262,3,0
1215,-1,-1,0,0,1,1
1216,1,64,4,739,64,0
1217,2,45,2,1303976,61,0
1218,3,44,1,75613669,48,0
1219,4,29,2,603818,47,0
1220,5,26,2,22984,37,0
1221,6,25,2,453,35,0
1222,7,14,3,91977,34,0
1223,8,9,3,7276,6,0
1224,-1,-1,0,0,1,1
1225,10,11,2,12,5,0
1226,-1,-1,0,0,1,1
1227,12,13,2,46,4,0
1228,-1,-1,0,0,2,1
1229,-1,-1,0,0,2,1
1230,15,20,0,6905411,28,0
1231,16,17,3,474006,4,0
1232,-1,-1,0,0,1,1
1233,18,19,0,5234550,3,0
1234,-1,-1,0,0,1,1
1235,-1,-1,0,0,2,1
1236,21,24,3,2084885,24,0
1237,22,23,3,957676,23,0
1238,-1,-1,0,0,9,1
1239,-1,-1,0,0,14,1
1240,-1,-1,0,0,1,1
1241,-1,-1,0,0,1,1
1242,27,28,1,181094,2,0
1243,-1,-1,0,0,1,1
1244,-1,-1,0,0,1,1
1245,30,39,4,20,10,0
1246,31,32,1,303984,7,0
1247,-1,-1,0,0,1,1
1248,33,34,1,11822043,6,0
1249,-1,-1,0,0,1,1
1250,35,38,3,20,5,0
1251,36,37,2,859776,4,0
1252,-1,-1,0,72,2,1
1253,-1,-1,2,1178571,2,1
1254,-1,-1,0,0,1,1
1255,40,43,4,191,3,0
1256,41,42,3,1511812,2,0
1257,-1,-1,0,0,1,1
1258,-1,-1,0,0,1,1
1259,-1,-1,0,0,1,1
1260,-1,-1,0,0,1,1
1261,46,53,3,775974,13,0
1262,47,52,2,3987113,4,0
1263,48,51,0,101059692,3,0
1264,49,50,3,14909,2,0
1265,-1,-1,0,0,1,1
1266,-1,-1,0,0,1,1
1267,-1,-1,0,0,1,1
1268,-1,-1,0,0,1,1
1269,54,64,4,243,9,0
1270,55,64,1,41402057,8,0
1271,56,57,0,113836506,6,0
1272,-1,-1,0,0,1,1
1273,58,64,4,175,5,0
1274,59,64,1,38547620,4,0
1275,60,61,0,116548290,3,0
1276,-1,-1,0,0,1,1
1277,62,63,4,128,2,0
1278,-1,-1,0,0,1,1
1279,-1,-1,0,0,1,1
1280,1,64,4,557,64,0
1281,2,51,4,78,60,0
1282,3,36,1,13593963,33,0
1283,4,35,3,19947988,25,0
1284,5,34,1,1923679,24,0
1285,6,25,4,15,23,0
1286,7,16,0,4014874,18,0
1287,8,15,3,1106,6,0
1288,9,12,1,100817,5,0
1289,10,11,4,3,3,0
1290,-1,-1,0,0,2,1
1291,-1,-1,0,0,1,1
1292,13,14,2,25296,2,0
1293,-1,-1,0,0,1,1
1294,-1,-1,0,0,1,1
1295,-1,-1,0,0,1,1
1296,17,20,1,67,12,0
1297,18,19,0,8943590,9,0
1298,-1,-1,2,1,6,1
1299,-1,-1,2,0,3,1
1300,21,24,0,5401224,3,0
1301,22,23,0,5295438,2,0
1302,-1,-1,0,0,1,1
1303,-1,-1,0,0,1,1
1304,-1,-1,0,0,1,1
1305,26,31,4,57,5,0
1306,27,30,2,348414,3,0
1307,28,29,3,2027232,2,0
1308,-1,-1,0,0,1,1
1309,-1,-1,0,0,1,1
1310,-1,-1,0,0,1,1
1311,32,33,1,1320,2,0
1312,-1,-1,0,0,1,1
1313,-1,-1,0,0,1,1
1314,-1,-1,0,0,1,1
1315,-1,-1,0,0,1,1
1316,37,50,2,13678268,8,0
1317,38,45,2,3179912,7,0
1318,39,40,1,21090551,4,0
1319,-1,-1,0,0,1,1
1320,41,42,0,67330476,3,0
1321,-1,-1,0,0,1,1
1322,43,44,2,2646766,2,0
1323,-1,-1,0,0,1,1
1324,-1,-1,0,0,1,1
1325,46,47,2,4420458,3,0
1326,-1,-1,0,0,1,1
1327,48,49,4,39,2,0
1328,-1,-1,0,0,1,1
1329,-1,-1,0,0,1,1
1330,-1,-1,0,0,1,1
1331,52,64,1,15143614,27,0
1332,53,64,1,40884,13,0
1333,54,64,1,8778,12,0
1334,55,64,0,120474521,10,0
1335,56,57,2,1,8,0
1336,-1,-1,3,1573834,2,1
1337,58,63,4,226,6,0
1338,59,60,2,29,3,0
1339,-1,-1,0,0,1,1
1340,61,62,3,1379232,2,0
1341,-1,-1,0,0,1,1
1342,-1,-1,0,0,1,1
1343,64,64,4,358,3,0
1344,1,64,0,377223869,64,0
1345,2,63,1,39516048,63,0
1346,3,52,1,6276073,55,0
1347,4,51,1,431805,49,0
1348,5,36,4,299,48,0
1349,6,25,0,98651158,37,0
1350,7,18,3,1398042,31,0
1351,8,13,1,195072,26,0
1352,9,12,0,50179635,23,0
1353,10,11,3,93273,22,0
1354,-1,-1,0,0,7,1
1355,-1,-1,0,0,15,1
1356,-1,-1,0,0,1,1
1357,14,15,0,309,3,0
1358,-1,-1,0,0,1,1
1359,16,17,3,174,2,0
1360,-1,-1,0,0,1,1
1361,-1,-1,0,0,1,1
1362,19,20,3,1666445,5,0
1363,-1,-1,0,0,1,1
1364,21,24,2,9,4,0
1365,22,23,0,9011650,3,0
1366,-1,-1,0,0,2,1
1367,-1,-1,0,0,1,1
1368,-1,-1,0,0,1,1
1369,26,31,3,1677939,6,0
1370,27,30,3,1646677,3,0
1371,28,29,0,116220275,2,0
1372,-1,-1,0,0,1,1
1373,-1,-1,0,0,1,1
1374,-1,-1,0,0,1,1
1375,32,33,3,1987660,3,0
1376,-1,-1,0,0,1,1
1377,34,35,0,115405273,2,0
1378,-1,-1,0,0,1,1
1379,-1,-1,0,0,1,1
1380,37,50,0,99086081,11,0
1381,38,49,4,479,10,0
1382,39,44,4,386,9,0
1383,40,41,4,312,6,0
1384,-1,-1,0,0,1,1
1385,42,43,3,769377,5,0
1386,-1,-1,0,0,4,1
1387,-1,-1,0,0,1,1
1388,45,48,4,460,3,0
1389,46,47,3,232818,2,0
1390,-1,-1,0,0,1,1
1391,-1,-1,0,0,1,1
1392,-1,-1,0,0,1,1
1393,-1,-1,0,0,1,1
1394,-1,-1,0,0,1,1
1395,-1,-1,0,0,1,1
1396,53,60,0,95955713,6,0
1397,54,59,2,5117001,4,0
1398,55,56,4,214,3,0
1399,-1,-1,0,0,1,1
1400,57,58,2,2000165,2,0
1401,-1,-1,0,0,1,1
1402,-1,-1,0,0,1,1
1403,-1,-1,0,0,1,1
1404,61,62,4,293,2,0
1405,-1,-1,0,0,1,1
1406,-1,-1,0,0,1,1
1407,64,64,4,120,8,0
1408,1,64,4,1293,64,0
1409,2,49,0,95181906,62,0
1410,3,42,0,12129489,37,0
1411,4,27,1,26124387,33,0
1412,5,26,2,90720,24,0
1413,6,17,4,355,23,0
1414,7,14,2,20244,18,0
1415,8,13,4,49,16,0
1416,9,12,1,9871,15,0
1417,10,11,0,5112165,14,0
1418,-1,-1,0,0,3,1
1419,-1,-1,0,0,11,1
1420,-1,-1,0,0,1,1
1421,-1,-1,0,0,1,1
1422,15,16,2,42671,2,0
1423,-1,-1,0,0,1,1
1424,-1,-1,0,0,1,1
1425,18,25,0,11402001,5,0
1426,19,22,4,533,4,0
1427,20,21,0,4410830,2,0
1428,-1,-1,0,0,1,1
1429,-1,-1,0,0,1,1
1430,23,24,1,16693,2,0
1431,-1,-1,0,0,1,1
1432,-1,-1,0,0,1,1
1433,-1,-1,0,0,1,1
1434,-1,-1,0,0,1,1
1435,28,41,0,3491369,9,0
1436,29,40,2,9558682,8,0
1437,30,37,1,44742607,7,0
1438,31,36,3,9987,5,0
1439,32,35,2,2248729,3,0
1440,33,34,0,128163,2,0
1441,-1,-1,0,0,1,1
1442,-1,-1,0,0,1,1
1443,-1,-1,0,0,1,1
1444,-1,-1,0,321599,2,1
1445,38,39,4,380,2,0
1446,-1,-1,0,0,1,1
1447,-1,-1,0,0,1,1
1448,-1,-1,0,0,1,1
1449,-1,-1,0,0,1,1
1450,43,48,4,317,4,0
1451,44,47,2,77,3,0
1452,45,46,0,60303890,2,0
1453,-1,-1,0,0,1,1
1454,-1,-1,0,0,1,1
1455,-1,-1,0,0,1,1
1456,-1,-1,0,0,1,1
1457,50,64,3,90279575,25,0
1458,51,64,3,6055899,24,0
1459,52,64,4,389,23,0
1460,53,64,3,3717104,22,0
1461,54,64,1,21614960,21,0
1462,55,62,2,54,11,0
1463,56,59,0,115861765,9,0
1464,57,58,4,55,2,0
1465,-1,-1,0,0,1,1
1466,-1,-1,0,0,1,1
1467,60,61,0,117613237,7,0
1468,-1,-1,0,0,4,1
1469,-1,-1,0,0,3,1
1470,63,64,1,80,2,0
1471,-1,-1,0,0,1,1
1472,1,64,4,240,64,0
1473,2,63,3,4907967,38,0
1474,3,32,4,27,35,0
1475,4,11,4,4,18,0
1476,5,8,2,1249209,7,0
1477,6,7,4,1,5,0
1478,-1,-1,4,0,4,1
1479,-1,-1,0,0,1,1
1480,9,10,3,55,2,0
1481,-1,-1,0,0,1,1
1482,-1,-1,0,0,1,1
1483,12,31,3,800487,11,0
1484,13,18,2,351275,10,0
1485,14,15,3,15487,3,0
1486,-1,-1,0,0,1,1
1487,16,17,0,418500,2,0
1488,-1,-1,0,0,1,1
1489,-1,-1,0,0,1,1
1490,19,30,1,16059416,7,0
1491,20,25,1,10701144,6,0
1492,21,24,3,5131,3,0
1493,22,23,2,782130,2,0
1494,-1,-1,0,0,1,1
1495,-1,-1,0,0,1,1
1496,-1,-1,0,0,1,1
1497,26,27,4,7,3,0
1498,-1,-1,0,0,1,1
1499,28,29,2,2637138,2,0
1500,-1,-1,0,0,1,1
1501,-1,-1,0,0,1,1
1502,-1,-1,0,0,1,1
1503,-1,-1,0,0,1,1
1504,33,44,4,75,17,0
1505,34,39,0,110664304,6,0
1506,35,38,3,18062,3,0
1507,36,37,4,53,2,0
1508,-1,-1,0,0,1,1
1509,-1,-1,0,0,1,1
1510,-1,-1,0,0,1,1
1511,40,41,1,245,3,0
1512,-1,-1,0,0,1,1
1513,42,43,0,115773216,2,0
1514,-1,-1,0,0,1,1
1515,-1,-1,0,0,1,1
1516,45,46,0,10469452,11,0
1517,-1,-1,0,0,1,1
1518,47,58,1,16878559,10,0
1519,48,57,0,117227853,7,0
1520,49,56,2,642946,6,0
1521,50,53,4,143,5,0
1522,51,52,2,28,3,0
1523,-1,-1,0,0,2,1
1524,-1,-1,0,0,1,1
1525,54,55,3,2507825,2,0
1526,-1,-1,0,0,1,1
1527,-1,-1,0,0,1,1
1528,-1,-1,0,0,1,1
1529,-1,-1,0,0,1,1
1530,59,62,1,39837059,3,0
1531,60,61,1,37197843,2,0
1532,-1,-1,0,0,1,1
1533,-1,-1,0,0,1,1
1534,-1,-1,0,0,1,1
1535,64,64,3,6193128,3,0
1536,1,64,3,3574619,64,0
1537,2,64,1,715718692,60,0
1538,3,64,3,2617241,59,0
1539,4,39,4,202,57,0
1540,5,38,1,124193625,42,0
1541,6,27,3,843661,41,0
1542,7,20,0,1818366,29,0
1543,8,15,0,546311,22,0
1544,9,12,3,30391,18,0
1545,10,11,0,6795,13,0
1546,-1,-1,0,0,9,1
1547,-1,-1,0,0,4,1
1548,13,14,4,22,5,0
1549,-1,-1,0,0,2,1
1550,-1,-1,0,0,3,1
1551,16,17,4,57,4,0
1552,-1,-1,0,0,1,1
1553,18,19,3,94758,3,0
1554,-1,-1,0,0,2,1
1555,-1,-1,0,0,1,1
1556,21,26,3,799189,7,0
1557,22,23,3,796389,4,0
1558,-1,-1,0,0,1,1
1559,24,25,3,796933,3,0
1560,-1,-1,0,0,1,1
1561,-1,-1,0,0,2,1
1562,-1,-1,2,1,3,1
1563,28,37,2,3875387,12,0
1564,29,30,3,1209062,11,0
1565,-1,-1,1,221,5,1
1566,31,34,3,1522732,6,0
1567,32,33,1,46,2,0
1568,-1,-1,0,0,1,1
1569,-1,-1,0,0,1,1
1570,35,36,1,10085736,4,0
1571,-1,-1,0,0,3,1
1572,-1,-1,0,0,1,1
1573,-1,-1,0,0,1,1
1574,-1,-1,0,0,1,1
1575,40,55,4,386,15,0
1576,41,46,0,54581429,9,0
1577,42,45,1,28706,3,0
1578,43,44,0,11517501,2,0
1579,-1,-1,0,0,1,1
1580,-1,-1,0,0,1,1
1581,-1,-1,0,0,1,1
1582,47,48,3,1819958,6,0
1583,-1,-1,0,0,1,1
1584,49,50,3,2359049,5,0
1585,-1,-1,0,0,1,1
1586,51,52,0,116940381,4,0
1587,-1,-1,1,41129204,2,1
1588,53,54,3,2536972,2,0
1589,-1,-1,0,0,1,1
1590,-1,-1,0,0,1,1
1591,56,57,4,425,6,0
1592,-1,-1,0,0,1,1
1593,58,61,1,5097481,5,0
1594,59,60,4,581,2,0
1595,-1,-1,0,0,1,1
1596,-1,-1,0,0,1,1
1597,62,63,2,1362110,3,0
1598,-1,-1,0,0,1,1
1599,64,64,4,522,2,0
1600,1,64,2,6366383,64,0
1601,2,64,3,6322469,61,0
1602,3,62,1,37106761,59,0
1603,4,55,2,2263313,45,0
1604,5,36,1,4241729,41,0
1605,6,21,3,347807,29,0
1606,7,16,1,280755,13,0
1607,8,13,1,33284,9,0
1608,9,12,0,1073112,7,0
1609,10,11,3,18017,5,0
1610,-1,-1,0,0,3,1
1611,-1,-1,0,0,2,1
1612,-1,-1,4,126,2,1
1613,14,15,3,21798,2,0
1614,-1,-1,0,0,1,1
1615,-1,-1,0,0,1,1
1616,17,20,1,3773860,4,0
1617,18,19,2,43346,2,0
1618,-1,-1,0,0,1,1
1619,-1,-1,0,0,1,1
1620,-1,-1,3,3,2,1
1621,22,29,3,1287157,16,0
1622,23,28,2,10579,10,0
1623,24,27,0,106153346,9,0
1624,25,26,3,888377,8,0
1625,-1,-1,0,0,4,1
1626,-1,-1,0,0,4,1
1627,-1,-1,0,0,1,1
1628,-1,-1,0,0,1,1
1629,30,35,2,18280,6,0
1630,31,32,0,42015111,5,0
1631,-1,-1,0,0,1,1
1632,33,34,2,2947,4,0
1633,-1,-1,0,0,3,1
1634,-1,-1,0,0,1,1
1635,-1,-1,0,0,1,1
1636,37,50,0,67970441,12,0
1637,38,43,1,33371214,7,0
1638,39,42,3,2309,3,0
1639,40,41,3,69,2,0
1640,-1,-1,0,0,1,1
1641,-1,-1,0,0,1,1
1642,-1,-1,0,0,1,1
1643,44,45,2,2000131,4,0
1644,-1,-1,0,0,1,1
1645,46,49,1,37051274,3,0
1646,47,48,1,37050045,2,0
1647,-1,-1,0,0,1,1
1648,-1,-1,0,0,1,1
1649,-1,-1,0,0,1,1
1650,51,52,0,113910874,5,0
1651,-1,-1,3,4492834,2,1
1652,53,54,0,117186276,3,0
1653,-1,-1,2,2000001,2,1
1654,-1,-1,0,0,1,1
1655,56,61,0,724,4,0
1656,57,58,0,101,3,0
1657,-1,-1,0,0,1,1
1658,59,60,3,65,2,0
1659,-1,-1,0,0,1,1
1660,-1,-1,0,0,1,1
1661,-1,-1,0,0,1,1
1662,63,64,1,38538094,14,0
1663,64,64,4,167,3,0
1664,1,64,0,172269799,64,0
1665,2,64,4,450,63,0
1666,3,64,3,4615317,60,0
1667,4,45,0,70362536,57,0
1668,5,30,2,1898170,42,0
1669,6,23,0,16940987,32,0
1670,7,16,2,21576,28,0
1671,8,13,1,18055,19,0
1672,9,12,2,2511,16,0
1673,10,11,2,66,15,0
1674,-1,-1,0,0,13,1
1675,-1,-1,0,0,2,1
1676,-1,-1,0,0,1,1
1677,14,15,4,99,3,0
1678,-1,-1,0,0,1,1
1679,-1,-1,2,268,2,1
1680,17,22,1,11194889,9,0
1681,18,21,4,223,8,0
1682,19,20,4,6,7,0
1683,-1,-1,0,0,4,1
1684,-1,-1,0,0,3,1
1685,-1,-1,0,0,1,1
1686,-1,-1,0,0,1,1
1687,24,25,0,40723484,4,0
1688,-1,-1,0,0,1,1
1689,26,29,2,111,3,0
1690,27,28,1,300,2,0
1691,-1,-1,0,0,1,1
1692,-1,-1,0,0,1,1
1693,-1,-1,0,0,1,1
1694,31,40,3,8727,10,0
1695,32,33,4,177,6,0
1696,-1,-1,0,0,1,1
1697,34,39,3,7901,5,0
1698,35,38,1,39080282,4,0
1699,36,37,2,2113598,3,0
1700,-1,-1,0,0,2,1
1701,-1,-1,0,0,1,1
1702,-1,-1,0,0,1,1
1703,-1,-1,0,0,1,1
1704,41,44,4,318,4,0
1705,42,43,3,13420,3,0
1706,-1,-1,1,37023168,2,1
1707,-1,-1,0,0,1,1
1708,-1,-1,0,0,1,1
1709,46,64,2,3007889,15,0
1710,47,60,2,2083834,14,0
1711,48,51,3,1496109,10,0
1712,49,50,3,1417941,2,0
1713,-1,-1,0,0,1,1
1714,-1,-1,0,0,1,1
1715,52,57,4,147,8,0
1716,53,56,2,472717,6,0
1717,54,55,2,34,5,0
1718,-1,-1,0,0,3,1
1719,-1,-1,0,0,2,1
1720,-1,-1,0,0,1,1
1721,58,59,1,143654,2,0
1722,-1,-1,0,0,1,1
1723,-1,-1,0,0,1,1
1724,61,64,4,167,4,0
1725,62,63,1,42779591,2,0
1726,-1,-1,0,0,1,1
1727,-1,-1,0,0,1,1
1728,1,58,3,3711043,64,0
1729,2,57,1,83606640,59,0
1730,3,56,2,12784854,58,0
1731,4,35,2,1439881,57,0
1732,5,34,1,7911131,44,0
1733,6,27,3,1252956,42,0
1734,7,18,3,212433,37,0
1735,8,13,3,10642,20,0
1736,9,12,2,283960,7,0
1737,10,11,1,278806,6,0
1738,-1,-1,0,0,4,1
1739,-1,-1,0,0,2,1
1740,-1,-1,0,0,1,1
1741,14,17,2,5875,13,0
1742,15,16,3,35540,12,0
1743,-1,-1,0,0,1,1
1744,-1,-1,0,0,11,1
1745,-1,-1,0,0,1,1
1746,19,26,4,741,17,0
1747,20,23,1,200079,16,0
1748,21,22,1,383,14,0
1749,-1,-1,0,0,12,1
1750,-1,-1,0,0,2,1
1751,24,25,4,362,2,0
1752,-1,-1,0,0,1,1
1753,-1,-1,0,0,1,1
1754,-1,-1,0,0,1,1
1755,28,33,2,401,5,0
1756,29,32,4,704,4,0
1757,30,31,0,73589058,3,0
1758,-1,-1,0,0,1,1
1759,-1,-1,2,0,2,1
1760,-1,-1,0,0,1,1
1761,-1,-1,0,0,1,1
1762,-1,-1,3,1358177,2,1
1763,36,37,1,11183039,13,0
1764,-1,-1,0,0,1,1
1765,38,43,4,130,12,0
1766,39,40,1,36254464,4,0
1767,-1,-1,0,0,1,1
1768,41,42,3,1675575,3,0
1769,-1,-1,0,0,1,1
1770,-1,-1,0,117269281,2,1
1771,44,53,4,414,8,0
1772,45,48,2,2120559,6,0
1773,46,47,3,371928,2,0
1774,-1,-1,0,0,1,1
1775,-1,-1,0,0,1,1
1776,49,50,1,41669483,4,0
1777,-1,-1,0,0,1,1
1778,51,52,3,1658267,3,0
1779,-1,-1,0,0,1,1
1780,-1,-1,0,0,2,1
1781,54,55,3,186277,2,0
1782,-1,-1,0,0,1,1
1783,-1,-1,0,0,1,1
1784,-1,-1,0,0,1,1
1785,-1,-1,0,0,1,1
1786,59,62,2,381468,5,0
1787,60,61,4,291,2,0
1788,-1,-1,0,0,1,1
1789,-1,-1,0,0,1,1
1790,63,64,1,41354149,3,0
1791,64,64,3,6060273,2,0
1792,1,64,2,8836798,64,0
1793,2,64,2,3500880,63,0
1794,3,64,1,53625489,58,0
1795,4,53,4,444,57,0
1796,5,36,4,217,50,0
1797,6,15,4,66,41,0
1798,7,14,3,4344145,27,0
1799,8,13,4,64,26,0
1800,9,12,3,1895450,25,0
1801,10,11,0,4655334,23,0
1802,-1,-1,0,0,12,1
1803,-1,-1,0,0,11,1
1804,-1,-1,4,48,2,1
1805,-1,-1,0,0,1,1
1806,-1,-1,0,0,1,1
1807,16,27,1,19745562,14,0
1808,17,24,2,5916,8,0
1809,18,21,0,3766982,6,0
1810,19,20,4,77,2,0
1811,-1,-1,0,0,1,1
1812,-1,-1,0,0,1,1
1813,22,23,3,579576,4,0
1814,-1,-1,0,0,1,1
1815,-1,-1,0,0,3,1
1816,25,26,0,117775096,2,0
1817,-1,-1,0,0,1,1
1818,-1,-1,0,0,1,1
1819,28,31,3,1220578,6,0
1820,29,30,4,145,3,0
1821,-1,-1,2,3021391,2,1
1822,-1,-1,0,0,1,1
1823,32,33,0,116173357,3,0
1824,-1,-1,0,0,1,1
1825,34,35,0,117339378,2,0
1826,-1,-1,0,0,1,1
1827,-1,-1,0,0,1,1
1828,37,44,0,86579242,9,0
1829,38,43,4,337,4,0
1830,39,42,0,4368564,3,0
1831,40,41,1,3320041,2,0
1832,-1,-1,0,0,1,1
1833,-1,-1,0,0,1,1
1834,-1,-1,0,0,1,1
1835,-1,-1,0,0,1,1
1836,45,48,1,19302034,5,0
1837,46,47,4,236,2,0
1838,-1,-1,0,0,1,1
1839,-1,-1,0,0,1,1
1840,49,52,0,117433367,3,0
1841,50,51,2,1765156,2,0
1842,-1,-1,0,0,1,1
1843,-1,-1,0,0,1,1
1844,-1,-1,0,0,1,1
1845,54,64,3,406466,7,0
1846,55,64,3,264498,6,0
1847,56,63,1,561436,5,0
1848,57,60,0,1005666,4,0
1849,58,59,2,154,2,0
1850,-1,-1,0,0,1,1
1851,-1,-1,0,0,1,1
1852,61,62,4,770,2,0
1853,-1,-1,0,0,1,1
1854,-1,-1,0,0,1,1
1855,-1,-1,0,0,1,1
1856,1,64,1,48578429,64,0
1857,2,45,1,716792,61,0
1858,3,44,2,207570,47,0
1859,4,43,2,38539,43,0
1860,5,30,0,91752887,42,0
1861,6,25,4,401,32,0
1862,7,16,3,170230,29,0
1863,8,13,2,3026,12,0
1864,9,12,1,6131,8,0
1865,10,11,4,24,7,0
1866,-1,-1,0,0,4,1
1867,-1,-1,0,0,3,1
1868,-1,-1,0,0,1,1
1869,14,15,4,10,4,0
1870,-1,-1,4,6,3,1
1871,-1,-1,0,0,1,1
1872,17,18,3,346429,17,0
1873,-1,-1,0,0,1,1
1874,19,22,4,164,16,0
1875,20,21,0,6123201,12,0
1876,-1,-1,0,0,6,1
1877,-1,-1,0,0,6,1
1878,23,24,2,14,4,0
1879,-1,-1,0,0,1,1
1880,-1,-1,0,0,3,1
1881,26,29,1,118555,3,0
1882,27,28,1,3221,2,0
1883,-1,-1,0,0,1,1
1884,-1,-1,0,0,1,1
1885,-1,-1,0,0,1,1
1886,31,40,4,298,10,0
1887,32,35,0,113228686,8,0
1888,33,34,3,2629833,2,0
1889,-1,-1,0,0,1,1
1890,-1,-1,0,0,1,1
1891,36,37,2,68,6,0
1892,-1,-1,2,0,4,1
1893,38,39,2,72,2,0
1894,-1,-1,0,0,1,1
1895,-1,-1,0,0,1,1
1896,41,42,1,70387,2,0
1897,-1,-1,0,0,1,1
1898,-1,-1,0,0,1,1
1899,-1,-1,0,0,1,1
1900,-1,-1,1,0,4,1
1901,46,55,0,76962828,14,0
1902,47,50,2,2264015,5,0
1903,48,49,0,168475,2,0
1904,-1,-1,0,0,1,1
1905,-1,-1,0,0,1,1
1906,51,52,0,177,3,0
1907,-1,-1,0,0,1,1
1908,53,54,2,3533951,2,0
1909,-1,-1,0,0,1,1
1910,-1,-1,0,0,1,1
1911,56,63,1,38232014,9,0
1912,57,60,1,28639010,4,0
1913,58,59,2,766742,2,0
1914,-1,-1,0,0,1,1
1915,-1,-1,0,0,1,1
1916,61,62,3,4361810,2,0
1917,-1,-1,0,0,1,1
1918,-1,-1,0,0,1,1
1919,64,64,4,45,5,0
1920,1,48,3,507704,64,0
1921,2,29,2,1039033,26,0
1922,3,26,2,624457,16,0
1923,4,25,0,11636601,13,0
1924,5,18,4,140,12,0
1925,6,13,1,42072,8,0
1926,7,12,0,1003672,5,0
1927,8,11,2,81,4,0
1928,9,10,2,45,3,0
1929,-1,-1,1,315,2,1
1930,-1,-1,0,0,1,1
1931,-1,-1,0,0,1,1
1932,-1,-1,0,0,1,1
1933,14,17,0,455,3,0
1934,15,16,3,144,2,0
1935,-1,-1,0,0,1,1
1936,-1,-1,0,0,1,1
1937,-1,-1,0,0,1,1
1938,19,24,0,3244982,4,0
1939,20,23,2,215980,3,0
1940,21,22,1,314280,2,0
1941,-1,-1,0,0,1,1
1942,-1,-1,0,0,1,1
1943,-1,-1,0,0,1,1
1944,-1,-1,0,0,1,1
1945,-1,-1,0,0,1,1
1946,27,28,1,4336669,3,0
1947,-1,-1,4,3,2,1
1948,-1,-1,0,0,1,1
1949,30,35,1,34062797,10,0
1950,31,34,1,27670374,3,0
1951,32,33,4,13,2,0
1952,-1,-1,0,0,1,1
1953,-1,-1,0,0,1,1
1954,-1,-1,0,0,1,1
1955,36,47,1,46111119,7,0
1956,37,42,1,39974932,6,0
1957,38,41,4,323,3,0
1958,39,40,0,203327,2,0
1959,-1,-1,0,0,1,1
1960,-1,-1,0,0,1,1
1961,-1,-1,0,0,1,1
1962,43,44,0,46696315,3,0
1963,-1,-1,0,0,1,1
1964,45,46,3,311811,2,0
1965,-1,-1,0,0,1,1
1966,-1,-1,0,0,1,1
1967,-1,-1,0,0,1,1
1968,49,58,0,17115327,38,0
1969,50,53,2,1,10,0
1970,51,52,0,8999011,6,0
1971,-1,-1,0,0,1,1
1972,-1,-1,1,0,5,1
1973,54,57,4,49,4,0
1974,55,56,2,33,3,0
1975,-1,-1,0,0,1,1
1976,-1,-1,1,222,2,1
1977,-1,-1,0,0,1,1
1978,59,64,1,35733602,28,0
1979,60,64,3,2355710,22,0
1980,61,64,0,65143049,20,0
1981,62,64,2,42,4,0
1982,63,64,4,216,2,0
1983,-1,-1,0,0,1,1
1984,1,64,4,1412,64,0
1985,2,45,0,104784690,63,0
1986,3,42,2,6172022,37,0
1987,4,41,1,131002084,35,0
1988,5,34,3,814043,34,0
1989,6,23,4,93,29,0
1990,7,18,4,45,20,0
1991,8,13,2,768201,17,0
1992,9,12,0,947315,12,0
1993,10,11,1,490203,4,0
1994,-1,-1,0,0,3,1
1995,-1,-1,0,0,1,1
1996,-1,-1,4,0,8,1
1997,14,17,4,24,5,0
1998,15,16,0,189,4,0
1999,-1,-1,0,0,3,1
2000,-1,-1,0,0,1,1
2001,-1,-1,0,0,1,1
2002,19,20,0,91206,3,0
2003,-1,-1,0,0,1,1
2004,21,22,2,1288998,2,0
2005,-1,-1,0,0,1,1
2006,-1,-1,0,0,1,1
2007,24,27,4,219,9,0
2008,25,26,3,55067,2,0
2009,-1,-1,0,0,1,1
2010,-1,-1,0,0,1,1
2011,28,33,2,2275219,7,0
2012,29,32,0,8637891,6,0
2013,30,31,4,370,5,0
2014,-1,-1,0,0,3,1
2015,-1,-1,0,0,2,1
2016,-1,-1,0,0,1,1
2017,-1,-1,0,0,1,1
2018,35,38,4,3,5,0
2019,36,37,3,1492717,2,0
2020,-1,-1,0,0,1,1
2021,-1,-1,0,0,1,1
2022,39,40,0,5480884,3,0
2023,-1,-1,0,0,1,1
2024,-1,-1,1,220,2,1
2025,-1,-1,0,0,1,1
2026,43,44,4,74,2,0
2027,-1,-1,0,0,1,1
2028,-1,-1,0,0,1,1
2029,46,64,3,3042000,26,0
2030,47,58,2,242312,21,0
2031,48,57,2,16597,6,0
2032,49,56,0,117016889,5,0
2033,50,51,3,1140247,4,0
2034,-1,-1,0,0,1,1
2035,52,55,2,82,3,0
2036,53,54,0,115281224,2,0
2037,-1,-1,0,0,1,1
2038,-1,-1,0,0,1,1
2039,-1,-1,0,0,1,1
2040,-1,-1,0,0,1,1
2041,-1,-1,0,0,1,1
2042,59,60,4,124,15,0
2043,-1,-1,0,0,1,1
2044,61,64,1,42507128,14,0
2045,62,64,0,117935434,8,0
2046,63,64,4,203,6,0
2047,64,64,4,186,3,0
2048,1,50,2,5159432,64,0
2049,2,47,4,1140,63,0
2050,3,46,1,906955751,61,0
2051,4,45,4,699,60,0
2052,5,40,2,3471950,59,0
2053,6,27,2,2292247,55,0
2054,7,16,2,1353671,45,0
2055,8,15,3,4494780,31,0
2056,9,12,3,511351,30,0
2057,10,11,3,120560,13,0
2058,-1,-1,0,0,11,1
2059,-1,-1,0,0,2,1
2060,13,14,4,107,17,0
2061,-1,-1,0,0,13,1
2062,-1,-1,0,0,4,1
2063,-1,-1,0,0,1,1
2064,17,22,3,160794,14,0
2065,18,19,1,2332806,7,0
2066,-1,-1,0,0,1,1
2067,20,21,4,191,6,0
2068,-1,-1,0,0,2,1
2069,-1,-1,0,0,4,1
2070,23,24,2,1774778,7,0
2071,-1,-1,0,0,1,1
2072,25,26,2,2001795,6,0
2073,-1,-1,0,0,5,1
2074,-1,-1,0,0,1,1
2075,28,29,1,34078990,10,0
2076,-1,-1,0,0,1,1
2077,30,33,0,10750539,9,0
2078,31,32,0,2247271,2,0
2079,-1,-1,0,0,1,1
2080,-1,-1,0,0,1,1
2081,34,37,2,2742793,7,0
2082,35,36,0,113682146,4,0
2083,-1,-1,0,0,1,1
2084,-1,-1,0,0,3,1
2085,38,39,4,101,3,0
2086,-1,-1,0,0,1,1
2087,-1,-1,0,0,2,1
2088,41,44,0,199475,4,0
2089,42,43,3,3793,2,0
2090,-1,-1,0,0,1,1
2091,-1,-1,0,0,1,1
2092,-1,-1,4,252,2,1
2093,-1,-1,0,0,1,1
2094,-1,-1,0,0,1,1
2095,48,49,3,15876,2,0
2096,-1,-1,0,0,1,1
2097,-1,-1,0,0,1,1
2098,-1,-1,0,0,1,1
2099,-1,-1,0,0,0,1
2100,-1,-1,0,0,0,1
2101,-1,-1,0,0,0,1
2102,-1,-1,0,0,0,1
2103,-1,-1,0,0,0,1
2104,-1,-1,0,0,0,1
2105,-1,-1,0,0,0,1
2106,-1,-1,0,0,0,1
2107,-1,-1,0,0,0,1
2108,-1,-1,0,0,0,1
2109,-1,-1,0,0,0,1
2110,-1,-1,0,0,0,1
2111,-1,-1,0,0,0,1
2112,1,64,0,68983017,64,0
2113,2,64,0,43283370,41,0
2114,3,60,4,429,40,0
2115,4,45,2,470543,37,0
2116,5,32,3,645065,29,0
2117,6,27,0,746891,14,0
2118,7,16,1,200771,11,0
2119,8,11,0,199972,5,0
2120,9,10,0,15125,2,0
2121,-1,-1,0,0,1,1
2122,-1,-1,0,0,1,1
2123,12,15,1,14875,3,0
2124,13,14,2,94,2,0
2125,-1,-1,0,0,1,1
2126,-1,-1,0,0,1,1
2127,-1,-1,0,0,1,1
2128,17,22,1,331639,6,0
2129,18,21,1,259136,3,0
2130,19,20,2,34052,2,0
2131,-1,-1,0,0,1,1
2132,-1,-1,0,0,1,1
2133,-1,-1,0,0,1,1
2134,23,24,3,133,3,0
2135,-1,-1,0,0,1,1
2136,25,26,2,145464,2,0
2137,-1,-1,0,0,1,1
2138,-1,-1,0,0,1,1
2139,28,31,0,16376537,3,0
2140,29,30,2,73,2,0
2141,-1,-1,0,0,1,1
2142,-1,-1,0,0,1,1
2143,-1,-1,0,0,1,1
2144,33,36,3,860288,15,0
2145,34,35,3,798565,5,0
2146,-1,-1,2,1,3,1
2147,-1,-1,1,0,2,1
2148,37,44,3,1476734,10,0
2149,38,43,4,43,6,0
2150,39,42,2,6,5,0
2151,40,41,0,7024596,2,0
2152,-1,-1,0,0,1,1
2153,-1,-1,0,0,1,1
2154,-1,-1,4,7,3,1
2155,-1,-1,0,0,1,1
2156,-1,-1,4,0,4,1
2157,46,55,3,1562,8,0
2158,47,54,2,3682675,5,0
2159,48,53,0,544,4,0
2160,49,52,1,70062608,3,0
2161,50,51,3,32,2,0
2162,-1,-1,0,0,1,1
2163,-1,-1,0,0,1,1
2164,-1,-1,0,0,1,1
2165,-1,-1,0,0,1,1
2166,-1,-1,0,0,1,1
2167,56,57,4,75,3,0
2168,-1,-1,0,0,1,1
2169,58,59,2,2000046,2,0
2170,-1,-1,0,0,1,1
2171,-1,-1,0,0,1,1
2172,61,62,4,686,3,0
2173,-1,-1,0,0,1,1
2174,63,64,4,806,2,0
2175,-1,-1,0,0,1,1
2176,1,64,2,2353059,64,0
2177,2,59,0,87840554,51,0
2178,3,38,2,97854,37,0
2179,4,29,3,876625,23,0
2180,5,28,4,1153,16,0
2181,6,21,4,213,15,0
2182,7,18,0,5191767,11,0
2183,8,13,3,27709,9,0
2184,9,12,4,33,4,0
2185,10,11,4,3,3,0
2186,-1,-1,0,0,1,1
2187,-1,-1,0,0,2,1
2188,-1,-1,0,0,1,1
2189,14,17,0,1680789,5,0
2190,15,16,3,64333,4,0
2191,-1,-1,0,0,1,1
2192,-1,-1,0,0,3,1
2193,-1,-1,0,0,1,1
2194,19,20,3,810677,2,0
2195,-1,-1,0,0,1,1
2196,-1,-1,0,0,1,1
2197,22,27,2,18550,4,0
2198,23,26,1,45088,3,0
2199,24,25,4,427,2,0
2200,-1,-1,0,0,1,1
2201,-1,-1,0,0,1,1
2202,-1,-1,0,0,1,1
2203,-1,-1,0,0,1,1
2204,-1,-1,0,0,1,1
2205,30,37,4,293,7,0
2206,31,34,2,1,6,0
2207,32,33,3,1802903,3,0
2208,-1,-1,0,0,1,1
2209,-1,-1,1,0,2,1
2210,35,36,4,53,3,0
2211,-1,-1,2,37,2,1
2212,-1,-1,0,0,1,1
2213,-1,-1,0,0,1,1
2214,39,58,0,3821720,14,0
2215,40,57,3,62210,13,0
2216,41,50,4,246,12,0
2217,42,49,2,1768611,8,0
2218,43,48,0,368,7,0
2219,44,47,1,14838721,6,0
2220,45,46,1,3425455,5,0
2221,-1,-1,0,0,3,1
2222,-1,-1,0,0,2,1
2223,-1,-1,0,0,1,1
2224,-1,-1,0,0,1,1
2225,-1,-1,0,0,1,1
2226,51,54,3,6855,4,0
2227,52,53,0,81548,2,0
2228,-1,-1,0,0,1,1
2229,-1,-1,0,0,1,1
2230,55,56,1,37045051,2,0
2231,-1,-1,0,0,1,1
2232,-1,-1,0,0,1,1
2233,-1,-1,0,0,1,1
2234,-1,-1,0,0,1,1
2235,60,64,2,1526057,14,0
2236,61,64,2,215,8,0
2237,62,64,1,231,7,0
2238,63,64,2,21,6,0
2239,64,64,3,4424844,5,0
2240,1,46,0,72511445,64,0
2241,2,45,1,132320180,42,0
2242,3,42,0,47646073,41,0
2243,4,31,0,10453118,38,0
2244,5,28,3,1480187,32,0
2245,6,25,3,802572,29,0
2246,7,16,3,86516,26,0
2247,8,15,4,933,19,0
2248,9,12,1,31953291,18,0
2249,10,11,1,10294741,14,0
2250,-1,-1,0,0,11,1
2251,-1,-1,0,0,3,1
2252,13,14,0,83841,4,0
2253,-1,-1,0,0,1,1
2254,-1,-1,0,0,3,1
2255,-1,-1,0,0,1,1
2256,17,22,2,1362427,7,0
2257,18,21,2,854174,5,0
2258,19,20,4,2,4,0
2259,-1,-1,0,0,3,1
2260,-1,-1,0,0,1,1
2261,-1,-1,0,0,1,1
2262,23,24,1,37000310,2,0
2263,-1,-1,0,0,1,1
2264,-1,-1,0,0,1,1
2265,26,27,2,4,3,0
2266,-1,-1,0,0,1,1
2267,-1,-1,3,936069,2,1
2268,29,30,3,1801989,3,0
2269,-1,-1,0,0,1,1
2270,-1,-1,4,0,2,1
2271,32,41,3,1466297,6,0
2272,33,40,4,563,5,0
2273,34,37,4,292,4,0
2274,35,36,0,14903769,2,0
2275,-1,-1,0,0,1,1
2276,-1,-1,0,0,1,1
2277,38,39,2,105,2,0
2278,-1,-1,0,0,1,1
2279,-1,-1,0,0,1,1
2280,-1,-1,0,0,1,1
2281,-1,-1,0,0,1,1
2282,43,44,2,65,3,0
2283,-1,-1,0,0,1,1
2284,-1,-1,2,90,2,1
2285,-1,-1,0,0,1,1
2286,47,64,3,6373617,22,0
2287,48,55,2,453153,19,0
2288,49,54,1,280777,9,0
2289,50,51,2,35,8,0
2290,-1,-1,2,0,6,1
2291,52,53,1,333,2,0
2292,-1,-1,0,0,1,1
2293,-1,-1,0,0,1,1
2294,-1,-1,0,0,1,1
2295,56,61,1,31081948,10,0
2296,57,60,3,2259471,3,0
2297,58,59,4,251,2,0
2298,-1,-1,0,0,1,1
2299,-1,-1,0,0,1,1
2300,-1,-1,0,0,1,1
2301,62,64,3,1948048,7,0
2302,63,64,1,38421804,3,0
2303,-1,-1,0,0,1,1
2304,1,64,1,860832013,64,0
2305,2,63,1,22771817,63,0
2306,3,24,4,20,50,0
2307,4,9,4,4,20,0
2308,5,8,0,13796597,11,0
2309,6,7,1,2,10,0
2310,-1,-1,4,0,8,1
2311,-1,-1,1,465,2,1
2312,-1,-1,0,0,1,1
2313,10,17,0,2896865,9,0
2314,11,16,0,226246,5,0
2315,12,13,2,114178,3,0
2316,-1,-1,0,0,1,1
2317,14,15,1,3625870,2,0
2318,-1,-1,0,0,1,1
2319,-1,-1,0,0,1,1
2320,-1,-1,2,14,2,1
2321,18,23,3,984293,4,0
2322,19,22,1,277,3,0
2323,20,21,0,5219768,2,0
2324,-1,-1,0,0,1,1
2325,-1,-1,0,0,1,1
2326,-1,-1,0,0,1,1
2327,-1,-1,0,0,1,1
2328,25,50,3,1432915,30,0
2329,26,41,0,58061443,22,0
2330,27,36,0,11581650,17,0
2331,28,35,2,8795728,14,0
2332,29,34,0,4378371,13,0
2333,30,33,2,2123872,12,0
2334,31,32,2,1696440,11,0
2335,-1,-1,0,0,10,1
2336,-1,-1,0,0,1,1
2337,-1,-1,0,0,1,1
2338,-1,-1,0,0,1,1
2339,-1,-1,0,0,1,1
2340,37,40,4,109,3,0
2341,38,39,1,313,2,0
2342,-1,-1,0,0,1,1
2343,-1,-1,0,0,1,1
2344,-1,-1,0,0,1,1
2345,42,47,4,366,5,0
2346,43,46,2,3388,3,0
2347,44,45,1,567,2,0
2348,-1,-1,0,0,1,1
2349,-1,-1,0,0,1,1
2350,-1,-1,0,0,1,1
2351,48,49,3,1206122,2,0
2352,-1,-1,0,0,1,1
2353,-1,-1,0,0,1,1
2354,51,60,3,2456185,8,0
2355,52,59,1,15473831,6,0
2356,53,58,2,3199,5,0
2357,54,57,4,112,3,0
2358,55,56,4,43,2,0
2359,-1,-1,0,0,1,1
2360,-1,-1,0,0,1,1
2361,-1,-1,0,0,1,1
2362,-1,-1,3,2004615,2,1
2363,-1,-1,0,0,1,1
2364,61,62,3,3430820,2,0
2365,-1,-1,0,0,1,1
2366,-1,-1,0,0,1,1
2367,64,64,0,81681140,13,0
2368,1,64,4,232,64,0
2369,2,33,3,1554726,47,0
2370,3,24,2,1168016,29,0
2371,4,19,0,37353017,24,0
2372,5,18,0,23197739,21,0
2373,6,17,4,114,20,0
2374,7,14,3,934018,19,0
2375,8,13,2,759971,15,0
2376,9,12,4,16,14,0
2377,10,11,3,541109,13,0
2378,-1,-1,0,0,7,1
2379,-1,-1,0,0,6,1
2380,-1,-1,0,0,1,1
2381,-1,-1,0,0,1,1
2382,15,16,0,7709868,4,0
2383,-1,-1,4,7,3,1
2384,-1,-1,0,0,1,1
2385,-1,-1,0,0,1,1
2386,-1,-1,0,0,1,1
2387,20,23,2,768311,3,0
2388,21,22,4,161,2,0
2389,-1,-1,0,0,1,1
2390,-1,-1,0,0,1,1
2391,-1,-1,0,0,1,1
2392,25,30,2,2664286,5,0
2393,26,29,0,1933855,3,0
2394,27,28,2,1802107,2,0
2395,-1,-1,0,0,1,1
2396,-1,-1,0,0,1,1
2397,-1,-1,0,0,1,1
2398,31,32,3,812352,2,0
2399,-1,-1,0,0,1,1
2400,-1,-1,0,0,1,1
2401,34,55,1,17679611,18,0
2402,35,54,2,5214,12,0
2403,36,47,2,43,11,0
2404,37,44,4,78,7,0
2405,38,41,3,1800874,5,0
2406,39,40,0,8998732,2,0
2407,-1,-1,0,0,1,1
2408,-1,-1,0,0,1,1
2409,42,43,3,1802819,3,0
2410,-1,-1,2,0,2,1
2411,-1,-1,0,0,1,1
2412,45,46,4,135,2,0
2413,-1,-1,0,0,1,1
2414,-1,-1,0,0,1,1
2415,48,53,3,4051919,4,0
2416,49,50,1,256,3,0
2417,-1,-1,0,0,1,1
2418,51,52,1,511,2,0
2419,-1,-1,0,0,1,1
2420,-1,-1,0,0,1,1
2421,-1,-1,0,0,1,1
2422,-1,-1,0,0,1,1
2423,56,57,0,112538038,6,0
2424,-1,-1,0,0,1,1
2425,58,63,1,43099195,5,0
2426,59,62,1,37234379,3,0
2427,60,61,3,2498009,2,0
2428,-1,-1,0,0,1,1
2429,-1,-1,0,0,1,1
2430,-1,-1,0,0,1,1
2431,64,64,2,3009938,2,0
2432,1,54,3,822559,64,0
2433,2,41,1,20335075,35,0
2434,3,36,4,389,27,0
2435,4,23,3,57381,24,0
2436,5,22,3,146,13,0
2437,6,19,3,108,12,0
2438,7,16,0,172,9,0
2439,8,15,2,4392413,7,0
2440,9,12,1,12569524,6,0
2441,10,11,2,87216,4,0
2442,-1,-1,0,0,1,1
2443,-1,-1,0,0,3,1
2444,13,14,4,11,2,0
2445,-1,-1,0,0,1,1
2446,-1,-1,0,0,1,1
2447,-1,-1,0,0,1,1
2448,17,18,4,11,2,0
2449,-1,-1,0,0,1,1
2450,-1,-1,0,0,1,1
2451,20,21,2,1511193,3,0
2452,-1,-1,3,122,2,1
2453,-1,-1,0,0,1,1
2454,-1,-1,0,0,1,1
2455,24,31,4,63,11,0
2456,25,30,2,7,8,0
2457,26,27,0,7325944,7,0
2458,-1,-1,1,0,5,1
2459,28,29,0,7341357,2,0
2460,-1,-1,0,0,1,1
2461,-1,-1,0,0,1,1
2462,-1,-1,0,0,1,1
2463,32,35,4,232,3,0
2464,33,34,3,686191,2,0
2465,-1,-1,0,0,1,1
2466,-1,-1,0,0,1,1
2467,-1,-1,0,0,1,1
2468,37,40,3,358772,3,0
2469,38,39,4,713,2,0
2470,-1,-1,0,0,1,1
2471,-1,-1,0,0,1,1
2472,-1,-1,0,0,1,1
2473,42,53,1,50423661,8,0
2474,43,52,4,437,7,0
2475,44,51,0,1960152,6,0
2476,45,48,1,33445703,5,0
2477,46,47,2,10830101,3,0
2478,-1,-1,0,0,1,1
2479,-1,-1,3,331,2,1
2480,49,50,1,37044654,2,0
2481,-1,-1,0,0,1,1
2482,-1,-1,0,0,1,1
2483,-1,-1,0,0,1,1
2484,-1,-1,0,0,1,1
2485,-1,-1,0,0,1,1
2486,55,64,2,3375793,29,0
2487,56,64,0,67065346,27,0
2488,57,64,2,993559,6,0
2489,58,59,1,61,5,0
2490,-1,-1,0,0,1,1
2491,60,63,4,37,4,0
2492,61,62,4,8,3,0
2493,-1,-1,2,37,2,1
2494,-1,-1,0,0,1,1
2495,-1,-1,0,0,1,1
2496,1,64,3,3079259,64,0
2497,2,59,2,2966410,58,0
2498,3,34,0,51583590,50,0
2499,4,25,2,1096437,36,0
2500,5,24,1,11755764,31,0
2501,6,23,4,752,30,0
2502,7,22,2,224704,29,0
2503,8,15,0,4632963,28,0
2504,9,12,3,11145,14,0
2505,10,11,0,30300,6,0
2506,-1,-1,0,0,5,1
2507,-1,-1,0,0,1,1
2508,13,14,0,1196398,8,0
2509,-1,-1,0,0,7,1
2510,-1,-1,0,0,1,1
2511,16,19,1,1111,14,0
2512,17,18,1,97,11,0
2513,-1,-1,0,0,8,1
2514,-1,-1,0,0,3,1
2515,20,21,4,669,3,0
2516,-1,-1,0,0,2,1
2517,-1,-1,0,0,1,1
2518,-1,-1,0,0,1,1
2519,-1,-1,0,0,1,1
2520,-1,-1,0,0,1,1
2521,26,29,1,13993928,5,0
2522,27,28,2,1545302,2,0
2523,-1,-1,0,0,1,1
2524,-1,-1,0,0,1,1
2525,30,33,1,47564688,3,0
2526,31,32,1,38262693,2,0
2527,-1,-1,0,0,1,1
2528,-1,-1,0,0,1,1
2529,-1,-1,0,0,1,1
2530,35,36,0,84034831,14,0
2531,-1,-1,0,0,1,1
2532,37,48,2,1997157,13,0
2533,38,41,4,183,7,0
2534,39,40,0,116713429,2,0
2535,-1,-1,0,0,1,1
2536,-1,-1,0,0,1,1
2537,42,45,0,116239214,5,0
2538,43,44,0,115719438,2,0
2539,-1,-1,0,0,1,1
2540,-1,-1,0,0,1,1
2541,46,47,1,1095367,3,0
2542,-1,-1,1,0,2,1
2543,-1,-1,0,0,1,1
2544,49,54,1,40526654,6,0
2545,50,51,2,2001519,3,0
2546,-1,-1,0,0,1,1
2547,52,53,0,117405832,2,0
2548,-1,-1,0,0,1,1
2549,-1,-1,0,0,1,1
2550,55,56,2,2670565,3,0
2551,-1,-1,0,0,1,1
2552,57,58,2,2675503,2,0
2553,-1,-1,0,0,1,1
2554,-1,-1,0,0,1,1
2555,60,64,0,95428655,8,0
2556,61,64,3,5988,3,0
2557,62,63,1,38947415,2,0
2558,-1,-1,0,0,1,1
2559,-1,-1,0,0,1,1
2560,1,64,0,1165080010,64,0
2561,2,55,2,2119307,63,0
2562,3,38,2,1396515,52,0
2563,4,31,0,104542068,43,0
2564,5,24,0,27424864,39,0
2565,6,23,4,1219,35,0
2566,7,22,1,8464336,34,0
2567,8,15,0,5580999,33,0
2568,9,12,2,469186,21,0
2569,10,11,4,233,17,0
2570,-1,-1,0,0,9,1
2571,-1,-1,0,0,8,1
2572,13,14,1,3855663,4,0
2573,-1,-1,0,0,3,1
2574,-1,-1,0,0,1,1
2575,16,19,2,42,12,0
2576,17,18,3,917569,10,0
2577,-1,-1,0,0,6,1
2578,-1,-1,0,0,4,1
2579,20,21,2,58,2,0
2580,-1,-1,0,0,1,1
2581,-1,-1,0,0,1,1
2582,-1,-1,0,0,1,1
2583,-1,-1,0,0,1,1
2584,25,30,2,11,4,0
2585,26,27,3,308948,3,0
2586,-1,-1,0,0,1,1
2587,28,29,3,1226392,2,0
2588,-1,-1,0,0,1,1
2589,-1,-1,0,0,1,1
2590,-1,-1,0,0,1,1
2591,32,37,0,144049056,4,0
2592,33,36,3,3188213,3,0
2593,34,35,1,52,2,0
2594,-1,-1,0,0,1,1
2595,-1,-1,0,0,1,1
2596,-1,-1,0,0,1,1
2597,-1,-1,0,0,1,1
2598,39,48,4,241,9,0
2599,40,41,2,1657057,5,0
2600,-1,-1,0,0,1,1
2601,42,45,2,2000694,4,0
2602,43,44,1,37000004,2,0
2603,-1,-1,0,0,1,1
2604,-1,-1,0,0,1,1
2605,46,47,0,117218714,2,0
2606,-1,-1,0,0,1,1
2607,-1,-1,0,0,1,1
2608,49,54,2,2002005,4,0
2609,50,53,2,2000072,3,0
2610,51,52,4,855,2,0
2611,-1,-1,0,0,1,1
2612,-1,-1,0,0,1,1
2613,-1,-1,0,0,1,1
2614,-1,-1,0,0,1,1
2615,56,64,4,416,11,0
2616,57,62,0,112085775,10,0
2617,58,61,0,219600,3,0
2618,59,60,0,33427,2,0
2619,-1,-1,0,0,1,1
2620,-1,-1,0,0,1,1
2621,-1,-1,0,0,1,1
2622,63,64,1,33977703,7,0
2623,-1,-1,0,0,1,1
2624,1,64,3,5569779,64,0
2625,2,64,1,64062647,63,0
2626,3,64,1,44926558,62,0
2627,4,53,1,40473609,60,0
2628,5,20,3,645019,52,0
2629,6,17,4,599,19,0
2630,7,16,2,3477507,17,0
2631,8,15,0,15265263,16,0
2632,9,12,4,50,15,0
2633,10,11,1,973988,8,0
2634,-1,-1,0,0,5,1
2635,-1,-1,0,0,3,1
2636,13,14,3,271216,7,0
2637,-1,-1,0,0,6,1
2638,-1,-1,0,0,1,1
2639,-1,-1,0,0,1,1
2640,-1,-1,0,0,1,1
2641,18,19,2,309362,2,0
2642,-1,-1,0,0,1,1
2643,-1,-1,0,0,1,1
2644,21,44,2,242397,33,0
2645,22,35,0,105052654,27,0
2646,23,30,0,34951393,18,0
2647,24,27,2,35,14,0
2648,25,26,4,117,7,0
2649,-1,-1,0,0,6,1
2650,-1,-1,0,0,1,1
2651,28,29,1,261,7,0
2652,-1,-1,0,0,3,1
2653,-1,-1,0,0,4,1
2654,31,34,1,497,4,0
2655,32,33,1,293,3,0
2656,-1,-1,0,0,2,1
2657,-1,-1,0,0,1,1
2658,-1,-1,0,0,1,1
2659,36,41,2,54,9,0
2660,37,38,3,1186477,7,0
2661,-1,-1,0,0,1,1
2662,39,40,4,154,6,0
2663,-1,-1,0,0,1,1
2664,-1,-1,0,0,5,1
2665,42,43,1,460,2,0
2666,-1,-1,0,0,1,1
2667,-1,-1,0,0,1,1
2668,45,46,3,849143,6,0
2669,-1,-1,0,0,1,1
2670,47,52,0,115996527,5,0
2671,48,51,4,320,3,0
2672,49,50,0,115306905,2,0
2673,-1,-1,0,0,1,1
2674,-1,-1,0,0,1,1
2675,-1,-1,0,0,1,1
2676,-1,-1,4,172,2,1
2677,54,64,0,117637019,8,0
2678,55,58,4,109,6,0
2679,56,57,3,3243226,2,0
2680,-1,-1,0,0,1,1
2681,-1,-1,0,0,1,1
2682,59,64,4,219,4,0
2683,60,61,0,116920346,3,0
2684,-1,-1,0,0,1,1
2685,62,63,1,42918059,2,0
2686,-1,-1,0,0,1,1
2687,-1,-1,0,0,1,1
2688,1,58,1,32732935,64,0
2689,2,33,3,1111885,45,0
2690,3,22,3,783517,30,0
2691,4,21,1,14475623,19,0
2692,5,18,1,5769964,18,0
2693,6,15,4,534,16,0
2694,7,14,1,1488853,14,0
2695,8,13,4,513,13,0
2696,9,12,1,221319,12,0
2697,10,11,4,216,11,0
2698,-1,-1,0,0,2,1
2699,-1,-1,0,0,9,1
2700,-1,-1,0,0,1,1
2701,-1,-1,0,0,1,1
2702,-1,-1,0,0,1,1
2703,16,17,0,111546087,2,0
2704,-1,-1,0,0,1,1
2705,-1,-1,0,0,1,1
2706,19,20,2,2113343,2,0
2707,-1,-1,0,0,1,1
2708,-1,-1,0,0,1,1
2709,-1,-1,0,0,1,1
2710,23,32,2,568541,11,0
2711,24,25,2,27,10,0
2712,-1,-1,4,0,5,1
2713,26,27,3,921299,5,0
2714,-1,-1,0,0,1,1
2715,28,31,2,39,4,0
2716,29,30,3,972616,3,0
2717,-1,-1,0,0,1,1
2718,-1,-1,4,7,2,1
2719,-1,-1,0,0,1,1
2720,-1,-1,0,0,1,1
2721,34,37,0,80089315,15,0
2722,35,36,2,20,2,0
2723,-1,-1,0,0,1,1
2724,-1,-1,0,0,1,1
2725,38,55,1,17863913,13,0
2726,39,54,3,26085216,11,0
2727,40,53,1,3168116,10,0
2728,41,48,1,251,9,0
2729,42,47,1,106,5,0
2730,43,46,0,151902953,4,0
2731,44,45,1,3,3,0
2732,-1,-1,0,0,1,1
2733,-1,-1,0,0,2,1
2734,-1,-1,0,0,1,1
2735,-1,-1,0,0,1,1
2736,49,52,2,73,4,0
2737,50,51,1,316,2,0
2738,-1,-1,0,0,1,1
2739,-1,-1,0,0,1,1
2740,-1,-1,0,116799739,2,1
2741,-1,-1,0,0,1,1
2742,-1,-1,0,0,1,1
2743,56,57,3,2011190,2,0
2744,-1,-1,0,0,1,1
2745,-1,-1,0,0,1,1
2746,59,64,4,295,19,0
2747,60,64,1,53004670,14,0
2748,61,62,3,766316,9,0
2749,-1,-1,0,0,1,1
2750,63,64,4,124,8,0
2751,64,64,0,115267965,4,0
2752,1,52,0,60392120,64,0
2753,2,39,4,174,41,0
2754,3,36,0,18815779,34,0
2755,4,29,1,30199073,32,0
2756,5,26,4,49,27,0
2757,6,15,4,7,25,0
2758,7,14,2,1360034,12,0
2759,8,13,0,6673927,11,0
2760,9,12,2,165688,5,0
2761,10,11,1,1,4,0
2762,-1,-1,0,0,3,1
2763,-1,-1,0,0,1,1
2764,-1,-1,0,0,1,1
2765,-1,-1,2,0,6,1
2766,-1,-1,0,0,1,1
2767,16,25,4,25,13,0
2768,17,22,1,19882092,11,0
2769,18,21,3,752606,9,0
2770,19,20,4,16,3,0
2771,-1,-1,0,0,2,1
2772,-1,-1,0,0,1,1
2773,-1,-1,4,7,6,1
2774,23,24,0,124,2,0
2775,-1,-1,0,0,1,1
2776,-1,-1,0,0,1,1
2777,-1,-1,0,1522,2,1
2778,27,28,3,344451,2,0
2779,-1,-1,0,0,1,1
2780,-1,-1,0,0,1,1
2781,30,33,2,4215055,5,0
2782,31,32,3,238308,2,0
2783,-1,-1,0,0,1,1
2784,-1,-1,0,0,1,1
2785,34,35,1,39628020,3,0
2786,-1,-1,0,0,1,1
2787,-1,-1,0,37850,2,1
2788,37,38,1,818,2,0
2789,-1,-1,0,0,1,1
2790,-1,-1,0,0,1,1
2791,40,45,4,370,7,0
2792,41,44,4,361,3,0
2793,42,43,0,144229,2,0
2794,-1,-1,0,0,1,1
2795,-1,-1,0,0,1,1
2796,-1,-1,0,0,1,1
2797,46,49,4,434,4,0
2798,47,48,3,79533,2,0
2799,-1,-1,0,0,1,1
2800,-1,-1,0,0,1,1
2801,50,51,1,235073,2,0
2802,-1,-1,0,0,1,1
2803,-1,-1,0,0,1,1
2804,53,54,0,90563606,23,0
2805,-1,-1,0,0,1,1
2806,55,64,1,2910047,22,0
2807,56,64,3,5159909,8,0
2808,57,62,1,127,7,0
2809,58,61,4,105,3,0
2810,59,60,3,1998645,2,0
2811,-1,-1,0,0,1,1
2812,-1,-1,0,0,1,1
2813,-1,-1,0,0,1,1
2814,63,64,4,128,4,0
2815,64,64,1,487,3,0
2816,1,64,1,25279475,64,0
2817,2,63,4,2125,45,0
2818,3,40,0,9125566,44,0
2819,4,29,1,4625914,32,0
2820,5,26,3,351658,25,0
2821,6,23,1,95269,16,0
2822,7,14,4,92,13,0
2823,8,11,1,5557,7,0
2824,9,10,1,252,5,0
2825,-1,-1,4,0,4,1
2826,-1,-1,0,0,1,1
2827,12,13,3,15436,2,0
2828,-1,-1,0,0,1,1
2829,-1,-1,0,0,1,1
2830,15,18,1,21201,6,0
2831,16,17,4,335,2,0
2832,-1,-1,0,0,1,1
2833,-1,-1,0,0,1,1
2834,19,22,2,405,4,0
2835,20,21,3,22312,3,0
2836,-1,-1,0,0,1,1
2837,-1,-1,0,0,2,1
2838,-1,-1,0,0,1,1
2839,24,25,2,48992,3,0
2840,-1,-1,0,0,1,1
2841,-1,-1,0,354,2,1
2842,27,28,2,9,9,0
2843,-1,-1,4,0,4,1
2844,-1,-1,4,7,5,1
2845,30,31,1,11501666,7,0
2846,-1,-1,0,0,1,1
2847,32,39,0,1437265,6,0
2848,33,38,2,11946237,5,0
2849,34,35,3,109,4,0
2850,-1,-1,0,0,1,1
2851,36,37,3,244,3,0
2852,-1,-1,0,0,1,1
2853,-1,-1,4,18,2,1
2854,-1,-1,0,0,1,1
2855,-1,-1,0,0,1,1
2856,41,62,2,863984,12,0
2857,42,53,0,109504930,11,0
2858,43,50,2,53,6,0
2859,44,49,1,265,4,0
2860,45,46,3,1039872,3,0
2861,-1,-1,0,0,1,1
2862,47,48,0,61118572,2,0
2863,-1,-1,0,0,1,1
2864,-1,-1,0,0,1,1
2865,-1,-1,0,0,1,1
2866,51,52,2,58,2,0
2867,-1,-1,0,0,1,1
2868,-1,-1,0,0,1,1
2869,54,61,2,10821,5,0
2870,55,58,1,703,4,0
2871,56,57,3,2449767,2,0
2872,-1,-1,0,0,1,1
2873,-1,-1,0,0,1,1
2874,59,60,3,1187802,2,0
2875,-1,-1,0,0,1,1
2876,-1,-1,0,0,1,1
2877,-1,-1,0,0,1,1
2878,-1,-1,0,0,1,1
2879,-1,-1,0,0,1,1
2880,1,50,4,151,64,0
2881,2,19,4,8,32,0
2882,3,18,1,8093375,14,0
2883,4,17,2,1307790,13,0
2884,5,12,3,315177,12,0
2885,6,11,2,980953,4,0
2886,7,8,2,34160,3,0
2887,-1,-1,0,0,1,1
2888,9,10,2,428481,2,0
2889,-1,-1,0,0,1,1
2890,-1,-1,0,0,1,1
2891,-1,-1,0,0,1,1
2892,13,14,4,5,8,0
2893,-1,-1,2,1,6,1
2894,15,16,0,5234696,2,0
2895,-1,-1,0,0,1,1
2896,-1,-1,0,0,1,1
2897,-1,-1,0,0,1,1
2898,-1,-1,0,0,1,1
2899,20,29,4,54,18,0
2900,21,24,1,11751567,6,0
2901,22,23,3,10837,2,0
2902,-1,-1,0,0,1,1
2903,-1,-1,0,0,1,1
2904,25,26,3,5316570,4,0
2905,-1,-1,0,0,1,1
2906,27,28,1,40796441,3,0
2907,-1,-1,0,0,1,1
2908,-1,-1,4,42,2,1
2909,30,41,0,36726437,12,0
2910,31,40,4,131,6,0
2911,32,39,0,13159861,5,0
2912,33,38,1,36188383,4,0
2913,34,35,0,642651,3,0
2914,-1,-1,0,0,1,1
2915,36,37,4,65,2,0
2916,-1,-1,0,0,1,1
2917,-1,-1,0,0,1,1
2918,-1,-1,0,0,1,1
2919,-1,-1,0,0,1,1
2920,-1,-1,0,0,1,1
2921,42,47,4,115,6,0
2922,43,46,0,126619428,4,0
2923,44,45,1,104,3,0
2924,-1,-1,3,1613354,2,1
2925,-1,-1,0,0,1,1
2926,-1,-1,0,0,1,1
2927,48,49,3,1447215,2,0
2928,-1,-1,0,0,1,1
2929,-1,-1,0,0,1,1
2930,51,64,2,1873917,32,0
2931,52,64,3,4208832,18,0
2932,53,64,0,30702976,17,0
2933,54,64,0,11373654,8,0
2934,55,64,3,115291,7,0
2935,56,63,1,427636,5,0
2936,57,62,3,58738,4,0
2937,58,59,1,56402,3,0
2938,-1,-1,0,0,1,1
2939,60,61,2,5519,2,0
2940,-1,-1,0,0,1,1
2941,-1,-1,0,0,1,1
2942,-1,-1,0,0,1,1
2943,-1,-1,0,0,1,1
2944,1,60,1,23042437,64,0
2945,2,57,3,3113248,41,0
2946,3,40,0,41536453,39,0
2947,4,35,0,14023977,30,0
2948,5,18,3,229550,25,0
2949,6,17,0,847933,9,0
2950,7,14,4,109,8,0
2951,8,13,3,48332,6,0
2952,9,10,2,392813,5,0
2953,-1,-1,0,0,1,1
2954,11,12,1,6491967,4,0
2955,-1,-1,0,0,2,1
2956,-1,-1,0,0,2,1
2957,-1,-1,0,0,1,1
2958,15,16,4,1273,2,0
2959,-1,-1,0,0,1,1
2960,-1,-1,0,0,1,1
2961,-1,-1,0,0,1,1
2962,19,34,2,43,16,0
2963,20,31,3,993509,15,0
2964,21,28,0,8458077,9,0
2965,22,25,2,7,7,0
2966,23,24,0,7185150,4,0
2967,-1,-1,0,0,1,1
2968,-1,-1,0,0,3,1
2969,26,27,0,5504368,3,0
2970,-1,-1,0,0,1,1
2971,-1,-1,0,0,2,1
2972,29,30,1,831,2,0
2973,-1,-1,0,0,1,1
2974,-1,-1,0,0,1,1
2975,32,33,3,1105570,6,0
2976,-1,-1,0,0,1,1
2977,-1,-1,4,0,5,1
2978,-1,-1,0,0,1,1
2979,36,39,2,29,5,0
2980,37,38,4,174,3,0
2981,-1,-1,1,0,2,1
2982,-1,-1,0,0,1,1
2983,-1,-1,1,766,2,1
2984,41,56,2,74,9,0
2985,42,45,3,938882,8,0
2986,43,44,4,392,2,0
2987,-1,-1,0,0,1,1
2988,-1,-1,0,0,1,1
2989,46,47,3,1602281,6,0
2990,-1,-1,0,0,1,1
2991,48,55,2,53,5,0
2992,49,52,0,115442141,4,0
2993,50,51,3,1950074,2,0
2994,-1,-1,0,0,1,1
2995,-1,-1,0,0,1,1
2996,53,54,0,116722998,2,0
2997,-1,-1,0,0,1,1
2998,-1,-1,0,0,1,1
2999,-1,-1,0,0,1,1
3000,-1,-1,0,0,1,1
3001,58,59,1,295,2,0
3002,-1,-1,0,0,1,1
3003,-1,-1,0,0,1,1
3004,61,64,4,366,23,0
3005,62,64,0,46108374,22,0
3006,63,64,4,230,5,0
3007,64,64,2,6524924,3,0
3008,1,64,1,43625087,64,0
3009,2,49,1,26629599,61,0
3010,3,30,0,80047291,46,0
3011,4,21,4,133,32,0
3012,5,20,1,359948,27,0
3013,6,7,4,1,26,0
3014,-1,-1,1,0,13,1
3015,8,17,1,124474,13,0
3016,9,16,1,41804,11,0
3017,10,13,2,33,10,0
3018,11,12,3,83680,3,0
3019,-1,-1,0,0,1,1
3020,-1,-1,0,0,2,1
3021,14,15,2,95,7,0
3022,-1,-1,0,0,6,1
3023,-1,-1,0,0,1,1
3024,-1,-1,0,0,1,1
3025,18,19,1,217852,2,0
3026,-1,-1,0,0,1,1
3027,-1,-1,0,0,1,1
3028,-1,-1,0,0,1,1
3029,22,29,4,1204,5,0
3030,23,26,2,44,4,0
3031,24,25,1,51,2,0
3032,-1,-1,0,0,1,1
3033,-1,-1,0,0,1,1
3034,27,28,1,13941,2,0
3035,-1,-1,0,0,1,1
3036,-1,-1,0,0,1,1
3037,-1,-1,0,0,1,1
3038,31,36,4,70,14,0
3039,32,35,2,63,3,0
3040,33,34,2,21,2,0
3041,-1,-1,0,0,1,1
3042,-1,-1,0,0,1,1
3043,-1,-1,0,0,1,1
3044,37,48,3,2396837,11,0
3045,38,39,0,115489295,10,0
3046,-1,-1,0,0,1,1
3047,40,47,2,99127,9,0
3048,41,46,2,7527,8,0
3049,42,45,4,464,7,0
3050,43,44,4,189,6,0
3051,-1,-1,0,0,4,1
3052,-1,-1,0,0,2,1
3053,-1,-1,0,0,1,1
3054,-1,-1,0,0,1,1
3055,-1,-1,0,0,1,1
3056,-1,-1,0,0,1,1
3057,50,64,2,5246515,15,0
3058,51,64,4,265,14,0
3059,52,57,2,2218286,12,0
3060,53,54,4,180,3,0
3061,-1,-1,0,0,1,1
3062,55,56,1,37000147,2,0
3063,-1,-1,0,0,1,1
3064,-1,-1,0,0,1,1
3065,58,59,0,111870943,9,0
3066,-1,-1,0,0,1,1
3067,60,63,2,2969065,8,0
3068,61,62,3,1888149,2,0
3069,-1,-1,0,0,1,1
3070,-1,-1,0,0,1,1
3071,64,64,2,3006905,6,0
3072,1,62,2,2844828,64,0
3073,2,61,3,8561916,55,0
3074,3,60,3,5223013,54,0
3075,4,35,4,217,53,0
3076,5,18,4,37,39,0
3077,6,17,2,1773790,18,0
3078,7,16,3,1312757,17,0
3079,8,13,1,2040041,14,0
3080,9,12,2,1166032,12,0
3081,10,11,1,264399,11,0
3082,-1,-1,0,0,10,1
3083,-1,-1,0,0,1,1
3084,-1,-1,0,0,1,1
3085,14,15,0,43,2,0
3086,-1,-1,0,0,1,1
3087,-1,-1,0,0,1,1
3088,-1,-1,2,0,3,1
3089,-1,-1,0,0,1,1
3090,19,20,3,469850,21,0
3091,-1,-1,0,0,1,1
3092,21,22,3,763735,20,0
3093,-1,-1,0,0,1,1
3094,23,30,4,108,19,0
3095,24,27,1,8765224,6,0
3096,25,26,1,47,4,0
3097,-1,-1,0,0,2,1
3098,-1,-1,0,0,2,1
3099,28,29,3,2853251,2,0
3100,-1,-1,0,0,1,1
3101,-1,-1,0,0,1,1
3102,31,34,3,3505238,13,0
3103,32,33,2,2244621,12,0
3104,-1,-1,0,0,11,1
3105,-1,-1,0,0,1,1
3106,-1,-1,0,0,1,1
3107,36,53,3,647224,14,0
3108,37,50,4,703,9,0
3109,38,43,3,9253,7,0
3110,39,40,1,35966356,3,0
3111,-1,-1,0,0,1,1
3112,41,42,3,6490,2,0
3113,-1,-1,0,0,1,1
3114,-1,-1,0,0,1,1
3115,44,47,3,19044,4,0
3116,45,46,3,15620,2,0
3117,-1,-1,0,0,1,1
3118,-1,-1,0,0,1,1
3119,48,49,3,59296,2,0
3120,-1,-1,0,0,1,1
3121,-1,-1,0,0,1,1
3122,51,52,1,202064,2,0
3123,-1,-1,0,0,1,1
3124,-1,-1,0,0,1,1
3125,54,57,0,103475760,5,0
3126,55,56,0,67316922,2,0
3127,-1,-1,0,0,1,1
3128,-1,-1,0,0,1,1
3129,58,59,2,765164,3,0
3130,-1,-1,2,666667,2,1
3131,-1,-1,0,0,1,1
3132,-1,-1,0,0,1,1
3133,-1,-1,0,0,1,1
3134,63,64,2,3187799,9,0
3135,64,64,2,3000910,7,0
3136,1,4,4,4,64,0
3137,2,3,2,120030,10,0
3138,-1,-1,2,0,9,1
3139,-1,-1,0,0,1,1
3140,5,64,4,253,54,0
3141,6,55,1,40869047,39,0
3142,7,32,1,291006,29,0
3143,8,31,2,7930,16,0
3144,9,20,0,112034410,15,0
3145,10,17,2,72,9,0
3146,11,16,4,8,7,0
3147,12,13,1,226,6,0
3148,-1,-1,4,7,4,1
3149,14,15,1,291,2,0
3150,-1,-1,0,0,1,1
3151,-1,-1,0,0,1,1
3152,-1,-1,0,0,1,1
3153,18,19,2,94,2,0
3154,-1,-1,0,0,1,1
3155,-1,-1,0,0,1,1
3156,21,28,2,2,6,0
3157,22,23,1,49,4,0
3158,-1,-1,0,0,1,1
3159,24,27,0,117147318,3,0
3160,25,26,0,116452084,2,0
3161,-1,-1,0,0,1,1
3162,-1,-1,0,0,1,1
3163,-1,-1,0,0,1,1
3164,29,30,1,383,2,0
3165,-1,-1,0,0,1,1
3166,-1,-1,0,0,1,1
3167,-1,-1,0,0,1,1
3168,33,44,4,62,13,0
3169,34,43,0,24917003,7,0
3170,35,40,1,12756571,5,0
3171,36,39,2,2658267,3,0
3172,37,38,2,1359706,2,0
3173,-1,-1,0,0,1,1
3174,-1,-1,0,0,1,1
3175,-1,-1,0,0,1,1
3176,41,42,2,4771464,2,0
3177,-1,-1,0,0,1,1
3178,-1,-1,0,0,1,1
3179,-1,-1,3,2218916,2,1
3180,45,48,1,25343913,6,0
3181,46,47,4,151,2,0
3182,-1,-1,0,0,1,1
3183,-1,-1,0,0,1,1
3184,49,50,4,125,4,0
3185,-1,-1,0,0,1,1
3186,51,54,0,115876602,3,0
3187,52,53,0,115668450,2,0
3188,-1,-1,0,0,1,1
3189,-1,-1,0,0,1,1
3190,-1,-1,0,0,1,1
3191,56,64,0,117497299,10,0
3192,57,62,0,6532162,7,0
3193,58,61,3,7836,3,0
3194,59,60,4,51,2,0
3195,-1,-1,0,0,1,1
3196,-1,-1,0,0,1,1
3197,-1,-1,0,0,1,1
3198,63,64,4,126,4,0
3199,-1,-1,0,0,1,1
