global_idx,tree_idx,node_idx,left_idx,right_idx,split_value,feature_idx,is_leaf,label
0,0,0,1,2,0.707223,4,0,0
1,0,1,3,4,0.562513,4,0,0
2,0,2,5,6,0.690372,0,0,0
3,0,3,7,8,0.511908,1,0,0
4,0,4,9,10,0.688297,4,0,0
5,0,5,-1,-1,256.000000,-1,1,0
6,0,6,11,12,0.730704,4,0,0
7,0,7,-1,-1,256.000000,-1,1,0
8,0,8,13,14,0.342661,0,0,0
9,0,9,-1,-1,256.000000,-1,1,1
10,0,10,15,16,0.749279,0,0,0
11,0,11,-1,-1,256.000000,-1,1,0
12,0,12,-1,-1,256.000000,-1,1,1
13,0,13,-1,-1,256.000000,-1,1,0
14,0,14,-1,-1,256.000000,-1,1,1
15,0,15,-1,-1,256.000000,-1,1,1
16,0,16,17,18,0.866033,0,0,0
17,0,17,-1,-1,256.000000,-1,1,0
18,0,18,-1,-1,256.000000,-1,1,1
256,1,0,257,258,0.755123,4,0,0
257,1,1,259,260,0.562513,4,0,0
258,1,2,261,262,0.514155,0,0,0
259,1,3,263,264,0.508434,1,0,0
260,1,4,265,266,0.706106,4,0,0
261,1,5,-1,-1,256.000000,-1,1,0
262,1,6,267,268,0.736243,0,0,0
263,1,7,-1,-1,256.000000,-1,1,0
264,1,8,269,270,0.343644,0,0,0
265,1,9,271,272,0.898501,1,0,0
266,1,10,273,274,0.828845,0,0,0
267,1,11,275,276,0.646038,0,0,0
268,1,12,-1,-1,256.000000,-1,1,1
269,1,13,-1,-1,256.000000,-1,1,0
270,1,14,-1,-1,256.000000,-1,1,1
271,1,15,-1,-1,256.000000,-1,1,1
272,1,16,277,278,0.900776,1,0,0
273,1,17,-1,-1,256.000000,-1,1,0
274,1,18,-1,-1,256.000000,-1,1,1
275,1,19,-1,-1,256.000000,-1,1,1
276,1,20,279,280,0.664490,0,0,0
277,1,21,-1,-1,256.000000,-1,1,0
278,1,22,-1,-1,256.000000,-1,1,1
279,1,23,281,282,0.659002,0,0,0
280,1,24,-1,-1,256.000000,-1,1,0
281,1,25,-1,-1,256.000000,-1,1,0
282,1,26,-1,-1,256.000000,-1,1,1
512,2,0,513,514,0.754575,4,0,0
513,2,1,515,516,0.562513,4,0,0
514,2,2,517,518,0.510179,0,0,0
515,2,3,-1,-1,256.000000,-1,1,0
516,2,4,519,520,0.745296,4,0,0
517,2,5,-1,-1,256.000000,-1,1,0
518,2,6,521,522,0.170720,2,0,0
519,2,7,523,524,0.749561,1,0,0
520,2,8,525,526,0.585844,0,0,0
521,2,9,-1,-1,256.000000,-1,1,1
522,2,10,527,528,0.665939,0,0,0
523,2,11,529,530,0.749144,1,0,0
524,2,12,-1,-1,256.000000,-1,1,1
525,2,13,-1,-1,256.000000,-1,1,0
526,2,14,-1,-1,256.000000,-1,1,1
527,2,15,-1,-1,256.000000,-1,1,1
528,2,16,-1,-1,256.000000,-1,1,0
529,2,17,531,532,0.342099,0,0,0
530,2,18,-1,-1,256.000000,-1,1,0
531,2,19,533,534,0.316637,0,0,0
532,2,20,535,536,0.678228,4,0,0
533,2,21,-1,-1,256.000000,-1,1,1
534,2,22,-1,-1,256.000000,-1,1,0
535,2,23,-1,-1,256.000000,-1,1,1
536,2,24,537,538,0.679645,4,0,0
537,2,25,-1,-1,256.000000,-1,1,0
538,2,26,-1,-1,256.000000,-1,1,1
768,3,0,769,770,0.753744,4,0,0
769,3,1,771,772,0.562513,4,0,0
770,3,2,773,774,0.126503,1,0,0
771,3,3,-1,-1,256.000000,-1,1,0
772,3,4,775,776,0.681982,4,0,0
773,3,5,-1,-1,256.000000,-1,1,1
774,3,6,777,778,0.835878,4,0,0
775,3,7,-1,-1,256.000000,-1,1,1
776,3,8,779,780,0.961176,3,0,0
777,3,9,-1,-1,256.000000,-1,1,0
778,3,10,-1,-1,256.000000,-1,1,1
779,3,11,781,782,0.832805,3,0,0
780,3,12,-1,-1,256.000000,-1,1,1
781,3,13,783,784,0.505012,0,0,0
782,3,14,785,786,0.739319,4,0,0
783,3,15,-1,-1,256.000000,-1,1,0
784,3,16,-1,-1,256.000000,-1,1,1
785,3,17,-1,-1,256.000000,-1,1,0
786,3,18,-1,-1,256.000000,-1,1,1
1024,4,0,1025,1026,0.755667,4,0,0
1025,4,1,1027,1028,0.562513,4,0,0
1026,4,2,1029,1030,0.177804,2,0,0
1027,4,3,-1,-1,256.000000,-1,1,0
1028,4,4,1031,1032,0.711253,4,0,0
1029,4,5,-1,-1,256.000000,-1,1,1
1030,4,6,1033,1034,0.835878,4,0,0
1031,4,7,1035,1036,0.590523,4,0,0
1032,4,8,1037,1038,0.725252,4,0,0
1033,4,9,-1,-1,256.000000,-1,1,0
1034,4,10,1039,1040,0.458126,0,0,0
1035,4,11,1041,1042,0.357781,0,0,0
1036,4,12,-1,-1,256.000000,-1,1,1
1037,4,13,-1,-1,256.000000,-1,1,0
1038,4,14,-1,-1,256.000000,-1,1,1
1039,4,15,-1,-1,256.000000,-1,1,0
1040,4,16,-1,-1,256.000000,-1,1,1
1041,4,17,-1,-1,256.000000,-1,1,1
1042,4,18,1043,1044,0.846561,3,0,0
1043,4,19,1045,1046,0.366728,0,0,0
1044,4,20,-1,-1,256.000000,-1,1,1
1045,4,21,-1,-1,256.000000,-1,1,0
1046,4,22,1047,1048,0.555453,0,0,0
1047,4,23,-1,-1,256.000000,-1,1,1
1048,4,24,-1,-1,256.000000,-1,1,0
1280,5,0,1281,1282,0.745879,4,0,0
1281,5,1,1283,1284,0.562513,4,0,0
1282,5,2,1285,1286,0.615088,0,0,0
1283,5,3,1287,1288,0.627127,0,0,0
1284,5,4,-1,-1,256.000000,-1,1,1
1285,5,5,-1,-1,256.000000,-1,1,0
1286,5,6,-1,-1,256.000000,-1,1,1
1287,5,7,1289,1290,0.452978,0,0,0
1288,5,8,-1,-1,256.000000,-1,1,0
1289,5,9,-1,-1,256.000000,-1,1,0
1290,5,10,-1,-1,256.000000,-1,1,1
1536,6,0,1537,1538,0.754575,4,0,0
1537,6,1,1539,1540,0.562513,4,0,0
1538,6,2,1541,1542,0.505908,0,0,0
1539,6,3,-1,-1,256.000000,-1,1,0
1540,6,4,1543,1544,0.688297,4,0,0
1541,6,5,-1,-1,256.000000,-1,1,0
1542,6,6,-1,-1,256.000000,-1,1,1
1543,6,7,-1,-1,256.000000,-1,1,1
1544,6,8,1545,1546,0.830036,0,0,0
1545,6,9,1547,1548,0.807426,0,0,0
1546,6,10,-1,-1,256.000000,-1,1,1
1547,6,11,1549,1550,0.471403,0,0,0
1548,6,12,-1,-1,256.000000,-1,1,0
1549,6,13,-1,-1,256.000000,-1,1,0
1550,6,14,-1,-1,256.000000,-1,1,1
1792,7,0,1793,1794,0.720728,4,0,0
1793,7,1,1795,1796,0.562513,4,0,0
1794,7,2,1797,1798,0.505757,0,0,0
1795,7,3,-1,-1,256.000000,-1,1,0
1796,7,4,1799,1800,0.994828,0,0,0
1797,7,5,-1,-1,256.000000,-1,1,0
1798,7,6,1801,1802,0.744133,4,0,0
1799,7,7,-1,-1,256.000000,-1,1,1
1800,7,8,-1,-1,256.000000,-1,1,0
1801,7,9,-1,-1,256.000000,-1,1,0
1802,7,10,-1,-1,256.000000,-1,1,1
2048,8,0,2049,2050,0.754022,4,0,0
2049,8,1,2051,2052,0.562513,4,0,0
2050,8,2,2053,2054,0.509633,0,0,0
2051,8,3,-1,-1,256.000000,-1,1,0
2052,8,4,2055,2056,0.679169,4,0,0
2053,8,5,-1,-1,256.000000,-1,1,0
2054,8,6,-1,-1,256.000000,-1,1,1
2055,8,7,-1,-1,256.000000,-1,1,1
2056,8,8,2057,2058,0.681053,4,0,0
2057,8,9,-1,-1,256.000000,-1,1,0
2058,8,10,2059,2060,0.834666,0,0,0
2059,8,11,2061,2062,0.763695,0,0,0
2060,8,12,-1,-1,256.000000,-1,1,1
2061,8,13,-1,-1,256.000000,-1,1,1
2062,8,14,2063,2064,0.792866,0,0,0
2063,8,15,-1,-1,256.000000,-1,1,0
2064,8,16,2065,2066,0.817887,0,0,0
2065,8,17,-1,-1,256.000000,-1,1,1
2066,8,18,-1,-1,256.000000,-1,1,0
2304,9,0,2305,2306,0.754299,4,0,0
2305,9,1,2307,2308,0.562513,4,0,0
2306,9,2,2309,2310,0.672596,0,0,0
2307,9,3,2311,2312,0.509390,0,0,0
2308,9,4,2313,2314,0.681982,4,0,0
2309,9,5,-1,-1,256.000000,-1,1,0
2310,9,6,-1,-1,256.000000,-1,1,1
2311,9,7,2315,2316,0.343644,0,0,0
2312,9,8,-1,-1,256.000000,-1,1,0
2313,9,9,-1,-1,256.000000,-1,1,1
2314,9,10,2317,2318,0.683815,4,0,0
2315,9,11,-1,-1,256.000000,-1,1,0
2316,9,12,-1,-1,256.000000,-1,1,1
2317,9,13,-1,-1,256.000000,-1,1,0
2318,9,14,-1,-1,256.000000,-1,1,1
2560,10,0,2561,2562,0.753464,4,0,0
2561,10,1,2563,2564,0.562513,4,0,0
2562,10,2,2565,2566,0.516365,0,0,0
2563,10,3,-1,-1,256.000000,-1,1,0
2564,10,4,2567,2568,0.710160,4,0,0
2565,10,5,-1,-1,256.000000,-1,1,0
2566,10,6,2569,2570,0.657013,0,0,0
2567,10,7,2571,2572,0.678208,4,0,0
2568,10,8,2573,2574,0.890088,0,0,0
2569,10,9,2575,2576,0.641365,0,0,0
2570,10,10,-1,-1,256.000000,-1,1,1
2571,10,11,-1,-1,256.000000,-1,1,1
2572,10,12,2577,2578,0.681053,4,0,0
2573,10,13,2579,2580,0.736467,4,0,0
2574,10,14,-1,-1,256.000000,-1,1,1
2575,10,15,-1,-1,256.000000,-1,1,1
2576,10,16,-1,-1,256.000000,-1,1,0
2577,10,17,-1,-1,256.000000,-1,1,0
2578,10,18,-1,-1,256.000000,-1,1,1
2579,10,19,-1,-1,256.000000,-1,1,0
2580,10,20,-1,-1,256.000000,-1,1,1
2816,11,0,2817,2818,0.754022,4,0,0
2817,11,1,2819,2820,0.562513,4,0,0
2818,11,2,2821,2822,0.506919,0,0,0
2819,11,3,-1,-1,256.000000,-1,1,0
2820,11,4,2823,2824,0.734070,4,0,0
2821,11,5,-1,-1,256.000000,-1,1,0
2822,11,6,-1,-1,256.000000,-1,1,1
2823,11,7,2825,2826,0.687861,4,0,0
2824,11,8,2827,2828,0.511797,0,0,0
2825,11,9,2829,2830,0.590523,4,0,0
2826,11,10,2831,2832,0.690504,4,0,0
2827,11,11,-1,-1,256.000000,-1,1,0
2828,11,12,-1,-1,256.000000,-1,1,1
2829,11,13,2833,2834,0.588702,4,0,0
2830,11,14,-1,-1,256.000000,-1,1,1
2831,11,15,-1,-1,256.000000,-1,1,0
2832,11,16,-1,-1,256.000000,-1,1,1
2833,11,17,-1,-1,256.000000,-1,1,1
2834,11,18,2835,2836,0.338573,0,0,0
2835,11,19,-1,-1,256.000000,-1,1,1
2836,11,20,2837,2838,0.366879,0,0,0
2837,11,21,-1,-1,256.000000,-1,1,0
2838,11,22,-1,-1,256.000000,-1,1,1
3072,12,0,3073,3074,0.750315,4,0,0
3073,12,1,3075,3076,0.562513,4,0,0
3074,12,2,3077,3078,0.514587,0,0,0
3075,12,3,-1,-1,256.000000,-1,1,0
3076,12,4,3079,3080,0.681982,4,0,0
3077,12,5,-1,-1,256.000000,-1,1,0
3078,12,6,3081,3082,0.084103,1,0,0
3079,12,7,-1,-1,256.000000,-1,1,1
3080,12,8,3083,3084,0.686476,4,0,0
3081,12,9,-1,-1,256.000000,-1,1,1
3082,12,10,3085,3086,0.644489,0,0,0
3083,12,11,-1,-1,256.000000,-1,1,0
3084,12,12,3087,3088,0.695193,4,0,0
3085,12,13,-1,-1,256.000000,-1,1,1
3086,12,14,3089,3090,0.142094,2,0,0
3087,12,15,3091,3092,0.691800,4,0,0
3088,12,16,-1,-1,256.000000,-1,1,1
3089,12,17,-1,-1,256.000000,-1,1,1
3090,12,18,-1,-1,256.000000,-1,1,0
3091,12,19,-1,-1,256.000000,-1,1,1
3092,12,20,-1,-1,256.000000,-1,1,0
3328,13,0,3329,3330,0.749430,4,0,0
3329,13,1,3331,3332,0.562513,4,0,0
3330,13,2,3333,3334,0.528578,0,0,0
3331,13,3,-1,-1,256.000000,-1,1,0
3332,13,4,3335,3336,0.998579,0,0,0
3333,13,5,-1,-1,256.000000,-1,1,0
3334,13,6,-1,-1,256.000000,-1,1,1
3335,13,7,3337,3338,0.678228,4,0,0
3336,13,8,-1,-1,256.000000,-1,1,0
3337,13,9,-1,-1,256.000000,-1,1,1
3338,13,10,3339,3340,0.679176,4,0,0
3339,13,11,-1,-1,256.000000,-1,1,0
3340,13,12,3341,3342,0.706029,4,0,0
3341,13,13,-1,-1,256.000000,-1,1,1
3342,13,14,3343,3344,0.712537,4,0,0
3343,13,15,-1,-1,256.000000,-1,1,0
3344,13,16,-1,-1,256.000000,-1,1,1
3584,14,0,3585,3586,0.755938,4,0,0
3585,14,1,3587,3588,0.562513,4,0,0
3586,14,2,3589,3590,0.615104,0,0,0
3587,14,3,3591,3592,0.372061,0,0,0
3588,14,4,-1,-1,256.000000,-1,1,1
3589,14,5,-1,-1,256.000000,-1,1,0
3590,14,6,3593,3594,0.223968,1,0,0
3591,14,7,-1,-1,256.000000,-1,1,0
3592,14,8,3595,3596,0.512178,0,0,0
3593,14,9,-1,-1,256.000000,-1,1,1
3594,14,10,3597,3598,0.641899,0,0,0
3595,14,11,-1,-1,256.000000,-1,1,1
3596,14,12,-1,-1,256.000000,-1,1,0
3597,14,13,-1,-1,256.000000,-1,1,1
3598,14,14,-1,-1,256.000000,-1,1,0
3840,15,0,3841,3842,0.733079,4,0,0
3841,15,1,3843,3844,0.562513,4,0,0
3842,15,2,3845,3846,0.702812,0,0,0
3843,15,3,-1,-1,256.000000,-1,1,0
3844,15,4,3847,3848,0.676780,4,0,0
3845,15,5,3849,3850,0.839004,4,0,0
3846,15,6,3851,3852,0.747989,4,0,0
3847,15,7,-1,-1,256.000000,-1,1,1
3848,15,8,3853,3854,0.857160,0,0,0
3849,15,9,-1,-1,256.000000,-1,1,0
3850,15,10,-1,-1,256.000000,-1,1,1
3851,15,11,-1,-1,256.000000,-1,1,0
3852,15,12,-1,-1,256.000000,-1,1,1
3853,15,13,3855,3856,0.743864,0,0,0
3854,15,14,-1,-1,256.000000,-1,1,1
3855,15,15,-1,-1,256.000000,-1,1,1
3856,15,16,-1,-1,256.000000,-1,1,0
4096,16,0,4097,4098,0.754299,4,0,0
4097,16,1,4099,4100,0.562513,4,0,0
4098,16,2,4101,4102,0.521862,0,0,0
4099,16,3,-1,-1,256.000000,-1,1,0
4100,16,4,4103,4104,0.706029,4,0,0
4101,16,5,-1,-1,256.000000,-1,1,0
4102,16,6,-1,-1,256.000000,-1,1,1
4103,16,7,4105,4106,0.839163,3,0,0
4104,16,8,4107,4108,0.854078,0,0,0
4105,16,9,-1,-1,256.000000,-1,1,1
4106,16,10,4109,4110,0.759006,0,0,0
4107,16,11,4111,4112,0.773098,0,0,0
4108,16,12,-1,-1,256.000000,-1,1,1
4109,16,13,-1,-1,256.000000,-1,1,0
4110,16,14,4113,4114,0.896628,3,0,0
4111,16,15,4115,4116,0.560053,0,0,0
4112,16,16,-1,-1,256.000000,-1,1,0
4113,16,17,4117,4118,0.893339,3,0,0
4114,16,18,-1,-1,256.000000,-1,1,1
4115,16,19,-1,-1,256.000000,-1,1,0
4116,16,20,-1,-1,256.000000,-1,1,1
4117,16,21,4119,4120,0.795844,0,0,0
4118,16,22,-1,-1,256.000000,-1,1,0
4119,16,23,-1,-1,256.000000,-1,1,1
4120,16,24,-1,-1,256.000000,-1,1,0
4352,17,0,4353,4354,0.749726,4,0,0
4353,17,1,4355,4356,0.562513,4,0,0
4354,17,2,4357,4358,0.555081,0,0,0
4355,17,3,-1,-1,256.000000,-1,1,0
4356,17,4,4359,4360,0.782946,0,0,0
4357,17,5,-1,-1,256.000000,-1,1,0
4358,17,6,-1,-1,256.000000,-1,1,1
4359,17,7,-1,-1,256.000000,-1,1,1
4360,17,8,4361,4362,0.783103,0,0,0
4361,17,9,-1,-1,256.000000,-1,1,0
4362,17,10,4363,4364,0.879622,3,0,0
4363,17,11,4365,4366,0.854154,0,0,0
4364,17,12,-1,-1,256.000000,-1,1,1
4365,17,13,-1,-1,256.000000,-1,1,0
4366,17,14,-1,-1,256.000000,-1,1,1
4608,18,0,4609,4610,0.734694,4,0,0
4609,18,1,4611,4612,0.562513,4,0,0
4610,18,2,4613,4614,0.512562,0,0,0
4611,18,3,-1,-1,256.000000,-1,1,0
4612,18,4,4615,4616,0.701673,4,0,0
4613,18,5,-1,-1,256.000000,-1,1,0
4614,18,6,4617,4618,0.743652,4,0,0
4615,18,7,-1,-1,256.000000,-1,1,1
4616,18,8,4619,4620,0.897398,0,0,0
4617,18,9,-1,-1,256.000000,-1,1,0
4618,18,10,-1,-1,256.000000,-1,1,1
4619,18,11,4621,4622,0.772503,0,0,0
4620,18,12,-1,-1,256.000000,-1,1,1
4621,18,13,-1,-1,256.000000,-1,1,1
4622,18,14,-1,-1,256.000000,-1,1,0
4864,19,0,4865,4866,0.753744,4,0,0
4865,19,1,4867,4868,0.562513,4,0,0
4866,19,2,4869,4870,0.508123,0,0,0
4867,19,3,-1,-1,256.000000,-1,1,0
4868,19,4,4871,4872,0.745879,4,0,0
4869,19,5,-1,-1,256.000000,-1,1,0
4870,19,6,4873,4874,0.950439,0,0,0
4871,19,7,4875,4876,0.789262,0,0,0
4872,19,8,4877,4878,0.592306,0,0,0
4873,19,9,4879,4880,0.188975,1,0,0
4874,19,10,-1,-1,256.000000,-1,1,0
4875,19,11,-1,-1,256.000000,-1,1,1
4876,19,12,4881,4882,0.796214,0,0,0
4877,19,13,-1,-1,256.000000,-1,1,0
4878,19,14,-1,-1,256.000000,-1,1,1
4879,19,15,-1,-1,256.000000,-1,1,1
4880,19,16,4883,4884,0.203950,2,0,0
4881,19,17,-1,-1,256.000000,-1,1,0
4882,19,18,-1,-1,256.000000,-1,1,1
4883,19,19,-1,-1,256.000000,-1,1,0
4884,19,20,-1,-1,256.000000,-1,1,1
5120,20,0,5121,5122,0.753464,4,0,0
5121,20,1,5123,5124,0.562513,4,0,0
5122,20,2,5125,5126,0.509432,0,0,0
5123,20,3,-1,-1,256.000000,-1,1,0
5124,20,4,5127,5128,0.709932,4,0,0
5125,20,5,-1,-1,256.000000,-1,1,0
5126,20,6,5129,5130,0.658561,0,0,0
5127,20,7,5131,5132,0.840517,3,0,0
5128,20,8,5133,5134,0.854080,0,0,0
5129,20,9,5135,5136,0.649188,0,0,0
5130,20,10,-1,-1,256.000000,-1,1,1
5131,20,11,5137,5138,0.590523,4,0,0
5132,20,12,5139,5140,0.783656,0,0,0
5133,20,13,5141,5142,0.764054,0,0,0
5134,20,14,-1,-1,256.000000,-1,1,1
5135,20,15,-1,-1,256.000000,-1,1,1
5136,20,16,-1,-1,256.000000,-1,1,0
5137,20,17,5143,5144,0.588702,4,0,0
5138,20,18,-1,-1,256.000000,-1,1,1
5139,20,19,-1,-1,256.000000,-1,1,0
5140,20,20,-1,-1,256.000000,-1,1,1
5141,20,21,-1,-1,256.000000,-1,1,1
5142,20,22,-1,-1,256.000000,-1,1,0
5143,20,23,-1,-1,256.000000,-1,1,1
5144,20,24,5145,5146,0.288210,0,0,0
5145,20,25,5147,5148,0.285026,0,0,0
5146,20,26,-1,-1,256.000000,-1,1,1
5147,20,27,-1,-1,256.000000,-1,1,1
5148,20,28,-1,-1,256.000000,-1,1,0
5376,21,0,5377,5378,0.745879,4,0,0
5377,21,1,5379,5380,0.562513,4,0,0
5378,21,2,5381,5382,0.656828,0,0,0
5379,21,3,-1,-1,256.000000,-1,1,0
5380,21,4,5383,5384,0.704925,4,0,0
5381,21,5,5385,5386,0.874584,4,0,0
5382,21,6,-1,-1,256.000000,-1,1,1
5383,21,7,5387,5388,0.887859,3,0,0
5384,21,8,5389,5390,0.822639,0,0,0
5385,21,9,-1,-1,256.000000,-1,1,0
5386,21,10,5391,5392,0.463472,0,0,0
5387,21,11,-1,-1,256.000000,-1,1,1
5388,21,12,5393,5394,0.899996,3,0,0
5389,21,13,-1,-1,256.000000,-1,1,0
5390,21,14,-1,-1,256.000000,-1,1,1
5391,21,15,-1,-1,256.000000,-1,1,0
5392,21,16,-1,-1,256.000000,-1,1,1
5393,21,17,-1,-1,256.000000,-1,1,0
5394,21,18,-1,-1,256.000000,-1,1,1
5632,22,0,5633,5634,0.754575,4,0,0
5633,22,1,5635,5636,0.562513,4,0,0
5634,22,2,5637,5638,0.615163,0,0,0
5635,22,3,-1,-1,256.000000,-1,1,0
5636,22,4,-1,-1,256.000000,-1,1,1
5637,22,5,-1,-1,256.000000,-1,1,0
5638,22,6,5639,5640,0.142811,1,0,0
5639,22,7,-1,-1,256.000000,-1,1,1
5640,22,8,5641,5642,0.662617,0,0,0
5641,22,9,-1,-1,256.000000,-1,1,1
5642,22,10,-1,-1,256.000000,-1,1,0
5888,23,0,5889,5890,0.733405,4,0,0
5889,23,1,5891,5892,0.562513,4,0,0
5890,23,2,5893,5894,0.188975,1,0,0
5891,23,3,-1,-1,256.000000,-1,1,0
5892,23,4,5895,5896,0.677232,4,0,0
5893,23,5,5897,5898,0.737507,4,0,0
5894,23,6,-1,-1,256.000000,-1,1,0
5895,23,7,-1,-1,256.000000,-1,1,1
5896,23,8,5899,5900,0.681053,4,0,0
5897,23,9,-1,-1,256.000000,-1,1,0
5898,23,10,5901,5902,0.774487,4,0,0
5899,23,11,-1,-1,256.000000,-1,1,0
5900,23,12,-1,-1,256.000000,-1,1,1
5901,23,13,5903,5904,0.759798,4,0,0
5902,23,14,-1,-1,256.000000,-1,1,1
5903,23,15,-1,-1,256.000000,-1,1,1
5904,23,16,-1,-1,256.000000,-1,1,0
6144,24,0,6145,6146,0.754022,4,0,0
6145,24,1,6147,6148,0.562513,4,0,0
6146,24,2,6149,6150,0.165260,1,0,0
6147,24,3,-1,-1,256.000000,-1,1,0
6148,24,4,-1,-1,256.000000,-1,1,1
6149,24,5,-1,-1,256.000000,-1,1,1
6150,24,6,6151,6152,0.859232,4,0,0
6151,24,7,-1,-1,256.000000,-1,1,0
6152,24,8,-1,-1,256.000000,-1,1,1
6400,25,0,6401,6402,0.755938,4,0,0
6401,25,1,6403,6404,0.562513,4,0,0
6402,25,2,6405,6406,0.507764,0,0,0
6403,25,3,-1,-1,256.000000,-1,1,0
6404,25,4,6407,6408,0.695209,4,0,0
6405,25,5,-1,-1,256.000000,-1,1,0
6406,25,6,6409,6410,0.945688,0,0,0
6407,25,7,-1,-1,256.000000,-1,1,1
6408,25,8,6411,6412,0.892924,3,0,0
6409,25,9,-1,-1,256.000000,-1,1,1
6410,25,10,-1,-1,256.000000,-1,1,0
6411,25,11,6413,6414,0.510001,0,0,0
6412,25,12,-1,-1,256.000000,-1,1,1
6413,25,13,-1,-1,256.000000,-1,1,0
6414,25,14,6415,6416,0.766379,0,0,0
6415,25,15,-1,-1,256.000000,-1,1,1
6416,25,16,-1,-1,256.000000,-1,1,0
6656,26,0,6657,6658,0.755938,4,0,0
6657,26,1,6659,6660,0.562513,4,0,0
6658,26,2,6661,6662,0.517813,0,0,0
6659,26,3,-1,-1,256.000000,-1,1,0
6660,26,4,6663,6664,0.681963,4,0,0
6661,26,5,-1,-1,256.000000,-1,1,0
6662,26,6,6665,6666,0.657534,0,0,0
6663,26,7,6667,6668,0.590523,4,0,0
6664,26,8,6669,6670,0.546161,0,0,0
6665,26,9,6671,6672,0.656194,0,0,0
6666,26,10,-1,-1,256.000000,-1,1,1
6667,26,11,6673,6674,0.588702,4,0,0
6668,26,12,-1,-1,256.000000,-1,1,1
6669,26,13,-1,-1,256.000000,-1,1,0
6670,26,14,6675,6676,0.686075,4,0,0
6671,26,15,-1,-1,256.000000,-1,1,1
6672,26,16,-1,-1,256.000000,-1,1,0
6673,26,17,-1,-1,256.000000,-1,1,1
6674,26,18,6677,6678,0.359239,0,0,0
6675,26,19,-1,-1,256.000000,-1,1,0
6676,26,20,6679,6680,0.890557,0,0,0
6677,26,21,-1,-1,256.000000,-1,1,1
6678,26,22,6681,6682,0.614885,0,0,0
6679,26,23,6683,6684,0.764592,0,0,0
6680,26,24,-1,-1,256.000000,-1,1,1
6681,26,25,-1,-1,256.000000,-1,1,0
6682,26,26,-1,-1,256.000000,-1,1,1
6683,26,27,-1,-1,256.000000,-1,1,1
6684,26,28,6685,6686,0.728844,4,0,0
6685,26,29,-1,-1,256.000000,-1,1,0
6686,26,30,-1,-1,256.000000,-1,1,1
6912,27,0,6913,6914,0.754299,4,0,0
6913,27,1,6915,6916,0.562513,4,0,0
6914,27,2,6917,6918,0.228295,1,0,0
6915,27,3,-1,-1,256.000000,-1,1,0
6916,27,4,6919,6920,0.720063,4,0,0
6917,27,5,-1,-1,256.000000,-1,1,1
6918,27,6,-1,-1,256.000000,-1,1,0
6919,27,7,6921,6922,0.676290,4,0,0
6920,27,8,6923,6924,0.854090,0,0,0
6921,27,9,-1,-1,256.000000,-1,1,1
6922,27,10,6925,6926,0.680111,4,0,0
6923,27,11,6927,6928,0.555266,0,0,0
6924,27,12,-1,-1,256.000000,-1,1,1
6925,27,13,-1,-1,256.000000,-1,1,0
6926,27,14,6929,6930,0.682905,4,0,0
6927,27,15,-1,-1,256.000000,-1,1,0
6928,27,16,6931,6932,0.780311,0,0,0
6929,27,17,6933,6934,0.726325,0,0,0
6930,27,18,-1,-1,256.000000,-1,1,1
6931,27,19,-1,-1,256.000000,-1,1,1
6932,27,20,-1,-1,256.000000,-1,1,0
6933,27,21,-1,-1,256.000000,-1,1,1
6934,27,22,-1,-1,256.000000,-1,1,0
7168,28,0,7169,7170,0.736553,4,0,0
7169,28,1,7171,7172,0.562513,4,0,0
7170,28,2,7173,7174,0.193170,2,0,0
7171,28,3,-1,-1,256.000000,-1,1,0
7172,28,4,7175,7176,0.834174,3,0,0
7173,28,5,7177,7178,0.971878,0,0,0
7174,28,6,7179,7180,0.187279,1,0,0
7175,28,7,-1,-1,256.000000,-1,1,1
7176,28,8,7181,7182,0.738517,0,0,0
7177,28,9,-1,-1,256.000000,-1,1,1
7178,28,10,-1,-1,256.000000,-1,1,0
7179,28,11,7183,7184,0.652507,0,0,0
7180,28,12,-1,-1,256.000000,-1,1,0
7181,28,13,-1,-1,256.000000,-1,1,0
7182,28,14,7185,7186,0.889655,3,0,0
7183,28,15,-1,-1,256.000000,-1,1,1
7184,28,16,-1,-1,256.000000,-1,1,0
7185,28,17,7187,7188,0.797498,0,0,0
7186,28,18,-1,-1,256.000000,-1,1,1
7187,28,19,-1,-1,256.000000,-1,1,1
7188,28,20,-1,-1,256.000000,-1,1,0
7424,29,0,7425,7426,0.754022,4,0,0
7425,29,1,7427,7428,0.562513,4,0,0
7426,29,2,7429,7430,0.508703,0,0,0
7427,29,3,-1,-1,256.000000,-1,1,0
7428,29,4,7431,7432,0.689609,4,0,0
7429,29,5,-1,-1,256.000000,-1,1,0
7430,29,6,-1,-1,256.000000,-1,1,1
7431,29,7,-1,-1,256.000000,-1,1,1
7432,29,8,7433,7434,0.842168,0,0,0
7433,29,9,7435,7436,0.775574,0,0,0
7434,29,10,-1,-1,256.000000,-1,1,1
7435,29,11,-1,-1,256.000000,-1,1,1
7436,29,12,-1,-1,256.000000,-1,1,0
7680,30,0,7681,7682,0.741064,4,0,0
7681,30,1,7683,7684,0.562513,4,0,0
7682,30,2,7685,7686,0.509041,0,0,0
7683,30,3,-1,-1,256.000000,-1,1,0
7684,30,4,7687,7688,0.679169,4,0,0
7685,30,5,-1,-1,256.000000,-1,1,0
7686,30,6,7689,7690,0.077932,1,0,0
7687,30,7,7691,7692,0.591416,4,0,0
7688,30,8,7693,7694,0.838776,0,0,0
7689,30,9,-1,-1,256.000000,-1,1,1
7690,30,10,7695,7696,0.653577,0,0,0
7691,30,11,7697,7698,0.588702,4,0,0
7692,30,12,-1,-1,256.000000,-1,1,1
7693,30,13,7699,7700,0.717981,0,0,0
7694,30,14,-1,-1,256.000000,-1,1,1
7695,30,15,-1,-1,256.000000,-1,1,1
7696,30,16,-1,-1,256.000000,-1,1,0
7697,30,17,-1,-1,256.000000,-1,1,1
7698,30,18,7701,7702,0.359239,0,0,0
7699,30,19,-1,-1,256.000000,-1,1,1
7700,30,20,-1,-1,256.000000,-1,1,0
7701,30,21,-1,-1,256.000000,-1,1,1
7702,30,22,7703,7704,0.384613,0,0,0
7703,30,23,-1,-1,256.000000,-1,1,0
7704,30,24,-1,-1,256.000000,-1,1,1
7936,31,0,7937,7938,0.742300,4,0,0
7937,31,1,7939,7940,0.562513,4,0,0
7938,31,2,7941,7942,0.515131,0,0,0
7939,31,3,-1,-1,256.000000,-1,1,0
7940,31,4,-1,-1,256.000000,-1,1,1
7941,31,5,-1,-1,256.000000,-1,1,0
7942,31,6,7943,7944,0.885936,3,0,0
7943,31,7,7945,7946,0.781983,0,0,0
7944,31,8,-1,-1,256.000000,-1,1,1
7945,31,9,-1,-1,256.000000,-1,1,1
7946,31,10,-1,-1,256.000000,-1,1,0
8192,32,0,8193,8194,0.755938,4,0,0
8193,32,1,8195,8196,0.562513,4,0,0
8194,32,2,8197,8198,0.515488,0,0,0
8195,32,3,8199,8200,0.768040,1,0,0
8196,32,4,8201,8202,0.678228,4,0,0
8197,32,5,-1,-1,256.000000,-1,1,0
8198,32,6,-1,-1,256.000000,-1,1,1
8199,32,7,-1,-1,256.000000,-1,1,0
8200,32,8,8203,8204,0.372061,0,0,0
8201,32,9,-1,-1,256.000000,-1,1,1
8202,32,10,8205,8206,0.826812,0,0,0
8203,32,11,-1,-1,256.000000,-1,1,0
8204,32,12,-1,-1,256.000000,-1,1,1
8205,32,13,8207,8208,0.762250,0,0,0
8206,32,14,-1,-1,256.000000,-1,1,1
8207,32,15,-1,-1,256.000000,-1,1,1
8208,32,16,8209,8210,0.896600,3,0,0
8209,32,17,-1,-1,256.000000,-1,1,0
8210,32,18,8211,8212,0.805524,0,0,0
8211,32,19,-1,-1,256.000000,-1,1,1
8212,32,20,-1,-1,256.000000,-1,1,0
8448,33,0,8449,8450,0.755938,4,0,0
8449,33,1,8451,8452,0.562513,4,0,0
8450,33,2,8453,8454,0.510140,0,0,0
8451,33,3,-1,-1,256.000000,-1,1,0
8452,33,4,8455,8456,0.680536,4,0,0
8453,33,5,-1,-1,256.000000,-1,1,0
8454,33,6,8457,8458,0.988714,3,0,0
8455,33,7,-1,-1,256.000000,-1,1,1
8456,33,8,8459,8460,0.687393,4,0,0
8457,33,9,8461,8462,0.723434,3,0,0
8458,33,10,8463,8464,0.893008,0,0,0
8459,33,11,-1,-1,256.000000,-1,1,0
8460,33,12,-1,-1,256.000000,-1,1,1
8461,33,13,8465,8466,0.649714,0,0,0
8462,33,14,-1,-1,256.000000,-1,1,1
8463,33,15,-1,-1,256.000000,-1,1,0
8464,33,16,-1,-1,256.000000,-1,1,1
8465,33,17,-1,-1,256.000000,-1,1,1
8466,33,18,-1,-1,256.000000,-1,1,0
8704,34,0,8705,8706,0.699333,4,0,0
8705,34,1,8707,8708,0.562513,4,0,0
8706,34,2,8709,8710,0.515151,0,0,0
8707,34,3,-1,-1,256.000000,-1,1,0
8708,34,4,-1,-1,256.000000,-1,1,1
8709,34,5,-1,-1,256.000000,-1,1,0
8710,34,6,8711,8712,0.731078,4,0,0
8711,34,7,8713,8714,0.860362,0,0,0
8712,34,8,8715,8716,0.183311,2,0,0
8713,34,9,-1,-1,256.000000,-1,1,0
8714,34,10,-1,-1,256.000000,-1,1,1
8715,34,11,-1,-1,256.000000,-1,1,1
8716,34,12,8717,8718,0.649819,0,0,0
8717,34,13,-1,-1,256.000000,-1,1,1
8718,34,14,-1,-1,256.000000,-1,1,0
8960,35,0,8961,8962,0.755123,4,0,0
8961,35,1,8963,8964,0.562513,4,0,0
8962,35,2,8965,8966,0.512862,0,0,0
8963,35,3,-1,-1,256.000000,-1,1,0
8964,35,4,8967,8968,0.706297,4,0,0
8965,35,5,-1,-1,256.000000,-1,1,0
8966,35,6,8969,8970,0.958299,0,0,0
8967,35,7,-1,-1,256.000000,-1,1,1
8968,35,8,8971,8972,0.714748,4,0,0
8969,35,9,-1,-1,256.000000,-1,1,1
8970,35,10,-1,-1,256.000000,-1,1,0
8971,35,11,-1,-1,256.000000,-1,1,0
8972,35,12,-1,-1,256.000000,-1,1,1
9216,36,0,9217,9218,0.753744,4,0,0
9217,36,1,9219,9220,0.562513,4,0,0
9218,36,2,9221,9222,0.278311,2,0,0
9219,36,3,-1,-1,256.000000,-1,1,0
9220,36,4,9223,9224,0.691805,4,0,0
9221,36,5,9225,9226,0.945597,0,0,0
9222,36,6,-1,-1,256.000000,-1,1,0
9223,36,7,-1,-1,256.000000,-1,1,1
9224,36,8,9227,9228,0.823204,0,0,0
9225,36,9,9229,9230,0.182549,1,0,0
9226,36,10,-1,-1,256.000000,-1,1,0
9227,36,11,9231,9232,0.560701,0,0,0
9228,36,12,-1,-1,256.000000,-1,1,1
9229,36,13,-1,-1,256.000000,-1,1,1
9230,36,14,9233,9234,0.654153,0,0,0
9231,36,15,-1,-1,256.000000,-1,1,0
9232,36,16,9235,9236,0.778914,0,0,0
9233,36,17,-1,-1,256.000000,-1,1,1
9234,36,18,-1,-1,256.000000,-1,1,0
9235,36,19,-1,-1,256.000000,-1,1,1
9236,36,20,-1,-1,256.000000,-1,1,0
9472,37,0,9473,9474,0.733488,4,0,0
9473,37,1,9475,9476,0.689195,4,0,0
9474,37,2,9477,9478,0.512808,0,0,0
9475,37,3,9479,9480,0.734881,1,0,0
9476,37,4,9481,9482,0.690504,4,0,0
9477,37,5,-1,-1,256.000000,-1,1,0
9478,37,6,9483,9484,0.951144,0,0,0
9479,37,7,9485,9486,0.342099,0,0,0
9480,37,8,-1,-1,256.000000,-1,1,1
9481,37,9,-1,-1,256.000000,-1,1,0
9482,37,10,-1,-1,256.000000,-1,1,1
9483,37,11,9487,9488,0.656759,0,0,0
9484,37,12,-1,-1,256.000000,-1,1,0
9485,37,13,-1,-1,256.000000,-1,1,0
9486,37,14,-1,-1,256.000000,-1,1,1
9487,37,15,9489,9490,0.649180,0,0,0
9488,37,16,-1,-1,256.000000,-1,1,1
9489,37,17,-1,-1,256.000000,-1,1,1
9490,37,18,-1,-1,256.000000,-1,1,0
9728,38,0,9729,9730,0.753744,4,0,0
9729,38,1,9731,9732,0.562513,4,0,0
9730,38,2,9733,9734,0.615234,0,0,0
9731,38,3,-1,-1,256.000000,-1,1,0
9732,38,4,9735,9736,0.681982,4,0,0
9733,38,5,-1,-1,256.000000,-1,1,0
9734,38,6,-1,-1,256.000000,-1,1,1
9735,38,7,9737,9738,0.358689,0,0,0
9736,38,8,9739,9740,0.893171,3,0,0
9737,38,9,-1,-1,256.000000,-1,1,1
9738,38,10,9741,9742,0.364345,0,0,0
9739,38,11,9743,9744,0.728565,0,0,0
9740,38,12,-1,-1,256.000000,-1,1,1
9741,38,13,-1,-1,256.000000,-1,1,0
9742,38,14,-1,-1,256.000000,-1,1,1
9743,38,15,-1,-1,256.000000,-1,1,1
9744,38,16,-1,-1,256.000000,-1,1,0
9984,39,0,9985,9986,0.755396,4,0,0
9985,39,1,9987,9988,0.562513,4,0,0
9986,39,2,9989,9990,0.623860,0,0,0
9987,39,3,-1,-1,256.000000,-1,1,0
9988,39,4,9991,9992,0.681516,4,0,0
9989,39,5,-1,-1,256.000000,-1,1,0
9990,39,6,9993,9994,0.721487,3,0,0
9991,39,7,-1,-1,256.000000,-1,1,1
9992,39,8,9995,9996,0.683362,4,0,0
9993,39,9,9997,9998,0.652553,0,0,0
9994,39,10,-1,-1,256.000000,-1,1,1
9995,39,11,-1,-1,256.000000,-1,1,0
9996,39,12,9999,10000,0.890499,0,0,0
9997,39,13,-1,-1,256.000000,-1,1,1
9998,39,14,-1,-1,256.000000,-1,1,0
9999,39,15,10001,10002,0.866525,0,0,0
10000,39,16,-1,-1,256.000000,-1,1,1
10001,39,17,10003,10004,0.741638,0,0,0
10002,39,18,-1,-1,256.000000,-1,1,0
10003,39,19,-1,-1,256.000000,-1,1,1
10004,39,20,10005,10006,0.792381,0,0,0
10005,39,21,-1,-1,256.000000,-1,1,0
10006,39,22,-1,-1,256.000000,-1,1,1
10240,40,0,10241,10242,0.753464,4,0,0
10241,40,1,10243,10244,0.562513,4,0,0
10242,40,2,10245,10246,0.516365,0,0,0
10243,40,3,-1,-1,256.000000,-1,1,0
10244,40,4,10247,10248,0.695619,4,0,0
10245,40,5,-1,-1,256.000000,-1,1,0
10246,40,6,10249,10250,0.200869,1,0,0
10247,40,7,10251,10252,0.893340,1,0,0
10248,40,8,10253,10254,0.840608,0,0,0
10249,40,9,-1,-1,256.000000,-1,1,1
10250,40,10,10255,10256,0.642163,0,0,0
10251,40,11,-1,-1,256.000000,-1,1,1
10252,40,12,10257,10258,0.896383,1,0,0
10253,40,13,10259,10260,0.762594,0,0,0
10254,40,14,-1,-1,256.000000,-1,1,1
10255,40,15,-1,-1,256.000000,-1,1,1
10256,40,16,-1,-1,256.000000,-1,1,0
10257,40,17,-1,-1,256.000000,-1,1,0
10258,40,18,-1,-1,256.000000,-1,1,1
10259,40,19,-1,-1,256.000000,-1,1,1
10260,40,20,-1,-1,256.000000,-1,1,0
10496,41,0,10497,10498,0.755667,4,0,0
10497,41,1,10499,10500,0.562513,4,0,0
10498,41,2,10501,10502,0.512702,0,0,0
10499,41,3,10503,10504,0.627875,0,0,0
10500,41,4,10505,10506,0.679137,4,0,0
10501,41,5,-1,-1,256.000000,-1,1,0
10502,41,6,10507,10508,0.656711,0,0,0
10503,41,7,10509,10510,0.492047,0,0,0
10504,41,8,-1,-1,256.000000,-1,1,0
10505,41,9,-1,-1,256.000000,-1,1,1
10506,41,10,10511,10512,0.686910,4,0,0
10507,41,11,10513,10514,0.641743,0,0,0
10508,41,12,-1,-1,256.000000,-1,1,1
10509,41,13,-1,-1,256.000000,-1,1,0
10510,41,14,-1,-1,256.000000,-1,1,1
10511,41,15,-1,-1,256.000000,-1,1,0
10512,41,16,10515,10516,0.803238,0,0,0
10513,41,17,-1,-1,256.000000,-1,1,1
10514,41,18,-1,-1,256.000000,-1,1,0
10515,41,19,10517,10518,0.773636,0,0,0
10516,41,20,-1,-1,256.000000,-1,1,1
10517,41,21,-1,-1,256.000000,-1,1,1
10518,41,22,-1,-1,256.000000,-1,1,0
10752,42,0,10753,10754,0.754575,4,0,0
10753,42,1,10755,10756,0.562513,4,0,0
10754,42,2,10757,10758,0.156534,1,0,0
10755,42,3,-1,-1,256.000000,-1,1,0
10756,42,4,10759,10760,0.993368,0,0,0
10757,42,5,10761,10762,0.962395,0,0,0
10758,42,6,-1,-1,256.000000,-1,1,0
10759,42,7,-1,-1,256.000000,-1,1,1
10760,42,8,-1,-1,256.000000,-1,1,0
10761,42,9,-1,-1,256.000000,-1,1,1
10762,42,10,-1,-1,256.000000,-1,1,0
11008,43,0,11009,11010,0.753744,4,0,0
11009,43,1,11011,11012,0.562513,4,0,0
11010,43,2,11013,11014,0.512934,0,0,0
11011,43,3,-1,-1,256.000000,-1,1,0
11012,43,4,11015,11016,0.734374,4,0,0
11013,43,5,-1,-1,256.000000,-1,1,0
11014,43,6,11017,11018,0.983943,3,0,0
11015,43,7,11019,11020,0.681982,4,0,0
11016,43,8,11021,11022,0.837834,0,0,0
11017,43,9,-1,-1,256.000000,-1,1,1
11018,43,10,-1,-1,256.000000,-1,1,0
11019,43,11,-1,-1,256.000000,-1,1,1
11020,43,12,11023,11024,0.682905,4,0,0
11021,43,13,-1,-1,256.000000,-1,1,0
11022,43,14,-1,-1,256.000000,-1,1,1
11023,43,15,-1,-1,256.000000,-1,1,0
11024,43,16,-1,-1,256.000000,-1,1,1
11264,44,0,11265,11266,0.731365,4,0,0
11265,44,1,11267,11268,0.683822,4,0,0
11266,44,2,11269,11270,0.507851,0,0,0
11267,44,3,-1,-1,256.000000,-1,1,1
11268,44,4,11271,11272,0.849017,0,0,0
11269,44,5,-1,-1,256.000000,-1,1,0
11270,44,6,11273,11274,0.986464,3,0,0
11271,44,7,11275,11276,0.721653,0,0,0
11272,44,8,-1,-1,256.000000,-1,1,1
11273,44,9,-1,-1,256.000000,-1,1,1
11274,44,10,11277,11278,0.894630,0,0,0
11275,44,11,-1,-1,256.000000,-1,1,1
11276,44,12,-1,-1,256.000000,-1,1,0
11277,44,13,-1,-1,256.000000,-1,1,0
11278,44,14,-1,-1,256.000000,-1,1,1
11520,45,0,11521,11522,0.736553,4,0,0
11521,45,1,11523,11524,0.562513,4,0,0
11522,45,2,11525,11526,0.521260,0,0,0
11523,45,3,11527,11528,0.628805,0,0,0
11524,45,4,11529,11530,0.712545,4,0,0
11525,45,5,-1,-1,256.000000,-1,1,0
11526,45,6,-1,-1,256.000000,-1,1,1
11527,45,7,11531,11532,0.494166,0,0,0
11528,45,8,-1,-1,256.000000,-1,1,0
11529,45,9,-1,-1,256.000000,-1,1,1
11530,45,10,11533,11534,0.850634,0,0,0
11531,45,11,-1,-1,256.000000,-1,1,0
11532,45,12,-1,-1,256.000000,-1,1,1
11533,45,13,-1,-1,256.000000,-1,1,0
11534,45,14,-1,-1,256.000000,-1,1,1
11776,46,0,11777,11778,0.755938,4,0,0
11777,46,1,11779,11780,0.562513,4,0,0
11778,46,2,11781,11782,0.517699,0,0,0
11779,46,3,-1,-1,256.000000,-1,1,0
11780,46,4,11783,11784,0.688753,4,0,0
11781,46,5,-1,-1,256.000000,-1,1,0
11782,46,6,11785,11786,0.986478,3,0,0
11783,46,7,11787,11788,0.898760,1,0,0
11784,46,8,11789,11790,0.815854,0,0,0
11785,46,9,11791,11792,0.182549,1,0,0
11786,46,10,11793,11794,0.893033,0,0,0
11787,46,11,-1,-1,256.000000,-1,1,1
11788,46,12,11795,11796,0.901307,1,0,0
11789,46,13,-1,-1,256.000000,-1,1,0
11790,46,14,-1,-1,256.000000,-1,1,1
11791,46,15,-1,-1,256.000000,-1,1,1
11792,46,16,11797,11798,0.654758,0,0,0
11793,46,17,-1,-1,256.000000,-1,1,0
11794,46,18,-1,-1,256.000000,-1,1,1
11795,46,19,-1,-1,256.000000,-1,1,0
11796,46,20,-1,-1,256.000000,-1,1,1
11797,46,21,-1,-1,256.000000,-1,1,1
11798,46,22,-1,-1,256.000000,-1,1,0
12032,47,0,12033,12034,0.729108,4,0,0
12033,47,1,12035,12036,0.562513,4,0,0
12034,47,2,12037,12038,0.511614,0,0,0
12035,47,3,-1,-1,256.000000,-1,1,0
12036,47,4,12039,12040,0.709932,4,0,0
12037,47,5,-1,-1,256.000000,-1,1,0
12038,47,6,-1,-1,256.000000,-1,1,1
12039,47,7,12041,12042,0.591416,4,0,0
12040,47,8,12043,12044,0.711432,4,0,0
12041,47,9,12045,12046,0.588702,4,0,0
12042,47,10,-1,-1,256.000000,-1,1,1
12043,47,11,-1,-1,256.000000,-1,1,0
12044,47,12,-1,-1,256.000000,-1,1,1
12045,47,13,-1,-1,256.000000,-1,1,1
12046,47,14,12047,12048,0.302528,0,0,0
12047,47,15,-1,-1,256.000000,-1,1,1
12048,47,16,-1,-1,256.000000,-1,1,0
12288,48,0,12289,12290,0.722527,4,0,0
12289,48,1,12291,12292,0.562513,4,0,0
12290,48,2,12293,12294,0.517406,0,0,0
12291,48,3,-1,-1,256.000000,-1,1,0
12292,48,4,12295,12296,0.679169,4,0,0
12293,48,5,-1,-1,256.000000,-1,1,0
12294,48,6,12297,12298,0.745459,4,0,0
12295,48,7,-1,-1,256.000000,-1,1,1
12296,48,8,12299,12300,0.822334,0,0,0
12297,48,9,-1,-1,256.000000,-1,1,0
12298,48,10,12301,12302,0.179153,2,0,0
12299,48,11,12303,12304,0.730024,0,0,0
12300,48,12,-1,-1,256.000000,-1,1,1
12301,48,13,-1,-1,256.000000,-1,1,1
12302,48,14,12305,12306,0.645946,0,0,0
12303,48,15,-1,-1,256.000000,-1,1,1
12304,48,16,-1,-1,256.000000,-1,1,0
12305,48,17,-1,-1,256.000000,-1,1,1
12306,48,18,-1,-1,256.000000,-1,1,0
12544,49,0,12545,12546,0.755938,4,0,0
12545,49,1,12547,12548,0.562513,4,0,0
12546,49,2,12549,12550,0.515189,0,0,0
12547,49,3,12551,12552,0.325502,0,0,0
12548,49,4,12553,12554,0.745879,4,0,0
12549,49,5,-1,-1,256.000000,-1,1,0
12550,49,6,12555,12556,0.206985,2,0,0
12551,49,7,-1,-1,256.000000,-1,1,1
12552,49,8,-1,-1,256.000000,-1,1,0
12553,49,9,-1,-1,256.000000,-1,1,1
12554,49,10,12557,12558,0.584322,0,0,0
12555,49,11,-1,-1,256.000000,-1,1,1
12556,49,12,12559,12560,0.649188,0,0,0
12557,49,13,-1,-1,256.000000,-1,1,0
12558,49,14,-1,-1,256.000000,-1,1,1
12559,49,15,-1,-1,256.000000,-1,1,1
12560,49,16,-1,-1,256.000000,-1,1,0
12800,50,0,12801,12802,0.753744,4,0,0
12801,50,1,12803,12804,0.562513,4,0,0
12802,50,2,12805,12806,0.526010,0,0,0
12803,50,3,-1,-1,256.000000,-1,1,0
12804,50,4,12807,12808,0.681982,4,0,0
12805,50,5,-1,-1,256.000000,-1,1,0
12806,50,6,-1,-1,256.000000,-1,1,1
12807,50,7,-1,-1,256.000000,-1,1,1
12808,50,8,12809,12810,0.890489,0,0,0
12809,50,9,12811,12812,0.792678,0,0,0
12810,50,10,-1,-1,256.000000,-1,1,1
12811,50,11,-1,-1,256.000000,-1,1,1
12812,50,12,12813,12814,0.988944,3,0,0
12813,50,13,-1,-1,256.000000,-1,1,0
12814,50,14,-1,-1,256.000000,-1,1,1
13056,51,0,13057,13058,0.753464,4,0,0
13057,51,1,13059,13060,0.562513,4,0,0
13058,51,2,13061,13062,0.512702,0,0,0
13059,51,3,13063,13064,0.376614,0,0,0
13060,51,4,13065,13066,0.994940,0,0,0
13061,51,5,-1,-1,256.000000,-1,1,0
13062,51,6,13067,13068,0.966256,0,0,0
13063,51,7,-1,-1,256.000000,-1,1,1
13064,51,8,-1,-1,256.000000,-1,1,0
13065,51,9,13069,13070,0.690071,4,0,0
13066,51,10,-1,-1,256.000000,-1,1,0
13067,51,11,13071,13072,0.154482,1,0,0
13068,51,12,-1,-1,256.000000,-1,1,0
13069,51,13,-1,-1,256.000000,-1,1,1
13070,51,14,13073,13074,0.690941,4,0,0
13071,51,15,-1,-1,256.000000,-1,1,1
13072,51,16,13075,13076,0.649714,0,0,0
13073,51,17,13077,13078,0.740169,0,0,0
13074,51,18,-1,-1,256.000000,-1,1,1
13075,51,19,-1,-1,256.000000,-1,1,1
13076,51,20,-1,-1,256.000000,-1,1,0
13077,51,21,-1,-1,256.000000,-1,1,1
13078,51,22,-1,-1,256.000000,-1,1,0
13312,52,0,13313,13314,0.755667,4,0,0
13313,52,1,13315,13316,0.562513,4,0,0
13314,52,2,13317,13318,0.507964,0,0,0
13315,52,3,13319,13320,0.492781,0,0,0
13316,52,4,13321,13322,0.995384,0,0,0
13317,52,5,-1,-1,256.000000,-1,1,0
13318,52,6,-1,-1,256.000000,-1,1,1
13319,52,7,-1,-1,256.000000,-1,1,0
13320,52,8,-1,-1,256.000000,-1,1,1
13321,52,9,13323,13324,0.681015,4,0,0
13322,52,10,-1,-1,256.000000,-1,1,0
13323,52,11,-1,-1,256.000000,-1,1,1
13324,52,12,13325,13326,0.684732,4,0,0
13325,52,13,-1,-1,256.000000,-1,1,0
13326,52,14,13327,13328,0.807656,0,0,0
13327,52,15,13329,13330,0.749441,0,0,0
13328,52,16,-1,-1,256.000000,-1,1,1
13329,52,17,-1,-1,256.000000,-1,1,1
13330,52,18,-1,-1,256.000000,-1,1,0
13568,53,0,13569,13570,0.723359,4,0,0
13569,53,1,13571,13572,0.562513,4,0,0
13570,53,2,13573,13574,0.506733,0,0,0
13571,53,3,-1,-1,256.000000,-1,1,0
13572,53,4,13575,13576,0.681982,4,0,0
13573,53,5,-1,-1,256.000000,-1,1,0
13574,53,6,13577,13578,0.750924,4,0,0
13575,53,7,-1,-1,256.000000,-1,1,1
13576,53,8,13579,13580,0.831892,0,0,0
13577,53,9,-1,-1,256.000000,-1,1,0
13578,53,10,-1,-1,256.000000,-1,1,1
13579,53,11,13581,13582,0.759349,0,0,0
13580,53,12,-1,-1,256.000000,-1,1,1
13581,53,13,-1,-1,256.000000,-1,1,1
13582,53,14,-1,-1,256.000000,-1,1,0
13824,54,0,13825,13826,0.755396,4,0,0
13825,54,1,13827,13828,0.562513,4,0,0
13826,54,2,13829,13830,0.517243,0,0,0
13827,54,3,13831,13832,0.515933,0,0,0
13828,54,4,13833,13834,0.693068,4,0,0
13829,54,5,-1,-1,256.000000,-1,1,0
13830,54,6,13835,13836,0.656880,0,0,0
13831,54,7,-1,-1,256.000000,-1,1,1
13832,54,8,-1,-1,256.000000,-1,1,0
13833,54,9,-1,-1,256.000000,-1,1,1
13834,54,10,13837,13838,0.696462,4,0,0
13835,54,11,13839,13840,0.648537,0,0,0
13836,54,12,-1,-1,256.000000,-1,1,1
13837,54,13,-1,-1,256.000000,-1,1,0
13838,54,14,13841,13842,0.890041,0,0,0
13839,54,15,-1,-1,256.000000,-1,1,1
13840,54,16,-1,-1,256.000000,-1,1,0
13841,54,17,13843,13844,0.863950,0,0,0
13842,54,18,-1,-1,256.000000,-1,1,1
13843,54,19,-1,-1,256.000000,-1,1,1
13844,54,20,-1,-1,256.000000,-1,1,0
14080,55,0,14081,14082,0.755938,4,0,0
14081,55,1,14083,14084,0.562513,4,0,0
14082,55,2,14085,14086,0.155180,1,0,0
14083,55,3,-1,-1,256.000000,-1,1,0
14084,55,4,-1,-1,256.000000,-1,1,1
14085,55,5,14087,14088,0.768264,4,0,0
14086,55,6,14089,14090,0.509061,0,0,0
14087,55,7,14091,14092,0.815868,0,0,0
14088,55,8,-1,-1,256.000000,-1,1,1
14089,55,9,-1,-1,256.000000,-1,1,0
14090,55,10,14093,14094,0.643533,0,0,0
14091,55,11,-1,-1,256.000000,-1,1,0
14092,55,12,-1,-1,256.000000,-1,1,1
14093,55,13,-1,-1,256.000000,-1,1,1
14094,55,14,-1,-1,256.000000,-1,1,0
14336,56,0,14337,14338,0.754575,4,0,0
14337,56,1,14339,14340,0.562513,4,0,0
14338,56,2,14341,14342,0.509714,0,0,0
14339,56,3,-1,-1,256.000000,-1,1,0
14340,56,4,14343,14344,0.681982,4,0,0
14341,56,5,-1,-1,256.000000,-1,1,0
14342,56,6,-1,-1,256.000000,-1,1,1
14343,56,7,-1,-1,256.000000,-1,1,1
14344,56,8,14345,14346,0.804079,0,0,0
14345,56,9,14347,14348,0.737334,0,0,0
14346,56,10,-1,-1,256.000000,-1,1,1
14347,56,11,14349,14350,0.456958,0,0,0
14348,56,12,-1,-1,256.000000,-1,1,0
14349,56,13,-1,-1,256.000000,-1,1,0
14350,56,14,-1,-1,256.000000,-1,1,1
14592,57,0,14593,14594,0.755123,4,0,0
14593,57,1,14595,14596,0.562513,4,0,0
14594,57,2,14597,14598,0.504515,0,0,0
14595,57,3,-1,-1,256.000000,-1,1,0
14596,57,4,14599,14600,0.706029,4,0,0
14597,57,5,-1,-1,256.000000,-1,1,0
14598,57,6,14601,14602,0.961321,3,0,0
14599,57,7,-1,-1,256.000000,-1,1,1
14600,57,8,14603,14604,0.810713,0,0,0
14601,57,9,14605,14606,0.656880,0,0,0
14602,57,10,14607,14608,0.828287,0,0,0
14603,57,11,14609,14610,0.760269,0,0,0
14604,57,12,-1,-1,256.000000,-1,1,1
14605,57,13,14611,14612,0.639472,0,0,0
14606,57,14,-1,-1,256.000000,-1,1,1
14607,57,15,-1,-1,256.000000,-1,1,0
14608,57,16,-1,-1,256.000000,-1,1,1
14609,57,17,-1,-1,256.000000,-1,1,1
14610,57,18,-1,-1,256.000000,-1,1,0
14611,57,19,-1,-1,256.000000,-1,1,1
14612,57,20,-1,-1,256.000000,-1,1,0
14848,58,0,14849,14850,0.736553,4,0,0
14849,58,1,14851,14852,0.562513,4,0,0
14850,58,2,14853,14854,0.173823,1,0,0
14851,58,3,-1,-1,256.000000,-1,1,0
14852,58,4,14855,14856,0.689195,4,0,0
14853,58,5,-1,-1,256.000000,-1,1,1
14854,58,6,-1,-1,256.000000,-1,1,0
14855,58,7,-1,-1,256.000000,-1,1,1
14856,58,8,14857,14858,0.690071,4,0,0
14857,58,9,-1,-1,256.000000,-1,1,0
14858,58,10,14859,14860,0.823976,0,0,0
14859,58,11,14861,14862,0.778239,0,0,0
14860,58,12,-1,-1,256.000000,-1,1,1
14861,58,13,-1,-1,256.000000,-1,1,1
14862,58,14,-1,-1,256.000000,-1,1,0
15104,59,0,15105,15106,0.754299,4,0,0
15105,59,1,15107,15108,0.562513,4,0,0
15106,59,2,15109,15110,0.511813,0,0,0
15107,59,3,15111,15112,0.626938,0,0,0
15108,59,4,15113,15114,0.710684,4,0,0
15109,59,5,-1,-1,256.000000,-1,1,0
15110,59,6,15115,15116,0.663951,0,0,0
15111,59,7,-1,-1,256.000000,-1,1,1
15112,59,8,-1,-1,256.000000,-1,1,0
15113,59,9,15117,15118,0.681047,4,0,0
15114,59,10,15119,15120,0.858103,0,0,0
15115,59,11,15121,15122,0.849640,4,0,0
15116,59,12,-1,-1,256.000000,-1,1,1
15117,59,13,-1,-1,256.000000,-1,1,1
15118,59,14,15123,15124,0.683815,4,0,0
15119,59,15,15125,15126,0.762131,0,0,0
15120,59,16,-1,-1,256.000000,-1,1,1
15121,59,17,-1,-1,256.000000,-1,1,0
15122,59,18,-1,-1,256.000000,-1,1,1
15123,59,19,-1,-1,256.000000,-1,1,0
15124,59,20,-1,-1,256.000000,-1,1,1
15125,59,21,-1,-1,256.000000,-1,1,1
15126,59,22,-1,-1,256.000000,-1,1,0
